Source,Target,Weight
2023-04-27_3616.txt,2023-10-20_2976.txt,0.3946011157731821
2023-05-02_3612.txt,2023-10-20_2976.txt,0.3985312867769292
2023-04-27_3616.txt,2023-11-22_2171.txt,0.3910929950927125
2023-05-02_3612.txt,2023-11-22_2171.txt,0.3862659249836395
2023-10-20_2962.txt,2023-11-22_2171.txt,0.4067529093891716
2023-07-27_3399.txt,2023-08-27_3365.txt,0.4134055355345425
2023-04-03_3658.txt,2023-06-26_3479.txt,0.3959019200128616
2023-05-08_3595.txt,2023-06-26_3479.txt,0.3872878154153925
2023-01-03_3816.txt,2023-08-24_3368.txt,0.4088666721370909
2023-05-08_3595.txt,2023-08-24_3368.txt,0.3891028937259155
2022-11-01_3895.txt,2023-11-20_2206.txt,0.4051981361314483
2023-01-03_3816.txt,2023-11-20_2206.txt,0.3826113127291962
2022-05-13_4174.txt,2022-05-13_4175.txt,0.3856903158471872
2022-05-13_4169.txt,2022-05-13_4175.txt,0.3826905661817957
2022-05-16_4156.txt,2022-12-24_3836.txt,0.3947506858787483
2022-06-08_4096.txt,2022-12-24_3836.txt,0.4139703068388891
2022-05-13_4168.txt,2022-12-24_3836.txt,0.4024208247495301
2022-08-05_4034.txt,2022-12-24_3836.txt,0.406952221317144
2022-06-09_4093.txt,2022-12-24_3836.txt,0.4178050550086665
2022-08-18_3990.txt,2022-12-24_3836.txt,0.394193863570887
2022-12-06_3854.txt,2022-12-24_3836.txt,0.3904649618681752
2022-05-18_4148.txt,2022-12-24_3836.txt,0.3870278252216749
2022-05-15_4161.txt,2022-12-24_3836.txt,0.3836149123593511
2022-09-07_3952.txt,2022-12-24_3836.txt,0.3921852974226883
2022-05-13_4168.txt,2022-05-13_4177.txt,0.4052859378625505
2022-05-11_4189.txt,2022-05-13_4177.txt,0.4175322722593174
2022-05-19_4142.txt,2022-09-01_3975.txt,0.414819283703859
2022-06-11_4091.txt,2022-09-01_3975.txt,0.4037732563986405
2022-05-13_4176.txt,2022-09-01_3975.txt,0.4113781626166787
2022-05-11_4191.txt,2022-09-01_3975.txt,0.3916026915254791
2022-05-11_4189.txt,2022-09-01_3975.txt,0.4194716553206216
2022-05-11_4195.txt,2022-09-01_3975.txt,0.4195564109175918
2022-06-01_4104.txt,2022-09-01_3975.txt,0.4116519240286164
2022-06-16_4083.txt,2022-09-01_3975.txt,0.3984532063013577
2022-05-11_4186.txt,2022-09-01_3975.txt,0.393162448024172
2022-05-16_4156.txt,2022-05-19_4140.txt,0.4027346894439845
2022-05-12_4183.txt,2022-05-19_4140.txt,0.381591041589956
2022-05-19_4138.txt,2022-08-18_3995.txt,0.4052765237441977
2022-06-08_4096.txt,2022-08-18_3995.txt,0.4063561035155444
2022-05-11_4194.txt,2022-08-18_3995.txt,0.3917705426718966
2022-05-27_4112.txt,2022-08-18_3995.txt,0.3972790128383638
2022-05-11_4191.txt,2022-08-18_3995.txt,0.4040376825585864
2022-08-18_3990.txt,2022-08-18_3995.txt,0.3812545580704202
2022-07-04_4067.txt,2022-08-18_3995.txt,0.4100310393467774
2022-05-12_4181.txt,2022-08-18_3995.txt,0.3929581105597531
2022-05-11_4188.txt,2022-08-18_3995.txt,0.389451197474731
2022-05-16_4156.txt,2022-05-23_4126.txt,0.4001293048994866
2022-05-13_4168.txt,2022-05-23_4126.txt,0.396302403855726
2022-05-20_4134.txt,2022-05-23_4126.txt,0.3944210625070171
2022-05-13_4174.txt,2022-05-23_4126.txt,0.3817328609523152
2022-05-12_4183.txt,2022-05-23_4126.txt,0.3852081201899466
2022-05-16_4155.txt,2022-05-23_4126.txt,0.4039276543475942
2022-05-14_4162.txt,2022-05-23_4126.txt,0.3936576854391871
2022-05-23_4125.txt,2022-05-23_4126.txt,0.404212368293041
2022-05-12_4182.txt,2022-09-06_3954.txt,0.4104769936329911
2022-05-13_4170.txt,2022-09-06_3954.txt,0.4077972811660049
2022-07-08_4059.txt,2022-09-06_3954.txt,0.4073875244316642
2022-09-05_3964.txt,2022-09-06_3954.txt,0.4170375228980278
2022-07-13_4052.txt,2022-09-06_3954.txt,0.3947374677908046
2022-06-11_4089.txt,2022-09-06_3954.txt,0.412240320270305
2022-05-12_4178.txt,2022-09-06_3954.txt,0.3903579996053389
2022-06-09_4093.txt,2022-09-06_3954.txt,0.3906764349380986
2022-05-13_4176.txt,2022-09-06_3954.txt,0.3953040977502756
2022-05-23_4124.txt,2022-09-06_3954.txt,0.4195197673033543
2022-05-19_4138.txt,2022-09-05_3959.txt,0.3931530041353582
2022-09-01_3972.txt,2022-09-05_3959.txt,0.41462454431347
2022-05-20_4134.txt,2022-09-05_3959.txt,0.3990988975213467
2022-05-13_4174.txt,2022-09-05_3959.txt,0.4032034827191755
2022-05-11_4187.txt,2022-09-05_3959.txt,0.3815805420265634
2022-07-02_4070.txt,2022-09-05_3959.txt,0.3855970727314
2022-05-11_4191.txt,2022-09-05_3959.txt,0.4114602599610464
2022-05-18_4147.txt,2022-09-05_3959.txt,0.3873774044674588
2022-08-18_3990.txt,2022-09-05_3959.txt,0.4004157393054782
2022-05-12_4183.txt,2022-09-05_3959.txt,0.3934862148334118
2022-05-14_4162.txt,2022-09-05_3959.txt,0.3951081229271535
2022-05-23_4125.txt,2022-09-05_3959.txt,0.3955888870949579
2022-07-04_4067.txt,2022-09-05_3959.txt,0.3905341673035928
2022-05-19_4138.txt,2022-07-04_4066.txt,0.4114534531943609
2022-06-09_4093.txt,2022-07-04_4066.txt,0.403130349824599
2022-05-20_4134.txt,2022-07-04_4066.txt,0.4006699383816425
2022-05-27_4112.txt,2022-07-04_4066.txt,0.4130810915178609
2022-05-11_4187.txt,2022-07-04_4066.txt,0.4110910377406733
2022-05-11_4191.txt,2022-07-04_4066.txt,0.4195480343191328
2022-05-11_4189.txt,2022-07-04_4066.txt,0.3835107900586943
2022-05-18_4147.txt,2022-07-04_4066.txt,0.4023615254800859
2022-05-12_4183.txt,2022-07-04_4066.txt,0.3821482986998471
2022-05-16_4155.txt,2022-07-04_4066.txt,0.3973923327587129
2022-05-23_4125.txt,2022-07-04_4066.txt,0.3833968435075819
2022-05-12_4182.txt,2022-05-18_4147.txt,0.3996292071256289
2022-05-16_4153.txt,2022-05-18_4147.txt,0.3952375733248809
2022-05-13_4176.txt,2022-05-18_4147.txt,0.388585709153292
2022-05-12_4182.txt,2022-05-16_4153.txt,0.4101109607952909
2022-05-13_4170.txt,2022-05-16_4153.txt,0.4198468539640286
2022-05-13_4176.txt,2022-05-16_4153.txt,0.404591953744647
2022-05-12_4183.txt,2022-05-16_4153.txt,0.3917190327851469
2022-05-14_4162.txt,2022-05-16_4153.txt,0.3810035313224285
2022-05-16_4156.txt,2022-05-18_4149.txt,0.4108653253451357
2022-05-13_4168.txt,2022-05-18_4149.txt,0.3984193530712658
2022-05-16_4153.txt,2022-05-18_4149.txt,0.4020038268920743
2022-05-13_4176.txt,2022-05-18_4149.txt,0.398008997556751
2022-05-11_4187.txt,2022-05-18_4149.txt,0.398802272354995
2022-05-11_4191.txt,2022-05-18_4149.txt,0.3909424450506683
2022-05-11_4189.txt,2022-05-18_4149.txt,0.4067210658075129
2022-05-18_4147.txt,2022-05-18_4149.txt,0.3825830832436642
2022-05-16_4155.txt,2022-05-18_4149.txt,0.3852452436132242
2022-07-26_4042.txt,2023-08-30_3357.txt,0.4085628110157894
2022-05-26_4116.txt,2023-08-30_3357.txt,0.3879261883764779
2023-05-02_3607.txt,2023-08-30_3357.txt,0.3854516293243885
2022-06-08_4096.txt,2023-08-30_3357.txt,0.3860882859041628
2022-05-13_4168.txt,2023-08-30_3357.txt,0.417570635514163
2022-09-01_3972.txt,2023-08-30_3357.txt,0.3931594447278069
2022-06-09_4093.txt,2023-08-30_3357.txt,0.3988095998046433
2023-06-05_3524.txt,2023-08-30_3357.txt,0.3859620256680472
2022-07-02_4070.txt,2023-08-30_3357.txt,0.408143613843299
2022-12-06_3854.txt,2023-08-30_3357.txt,0.397165299765348
2023-05-11_3580.txt,2023-08-30_3357.txt,0.393522876111205
2022-05-16_4155.txt,2023-08-30_3357.txt,0.3930407205042174
2023-05-18_3550.txt,2023-08-30_3357.txt,0.4009102380879583
2022-05-23_4125.txt,2023-08-30_3357.txt,0.4075339814244629
2023-05-10_3586.txt,2023-08-30_3357.txt,0.4001534760432058
2022-05-12_4178.txt,2022-05-20_4137.txt,0.4016405463332054
2022-05-20_4134.txt,2022-05-20_4137.txt,0.4186178432824299
2022-05-11_4189.txt,2022-05-20_4137.txt,0.4130051406884183
2022-05-11_4195.txt,2022-05-20_4137.txt,0.4195517098177932
2022-05-18_4147.txt,2022-05-20_4137.txt,0.3856898579666033
2022-05-16_4155.txt,2022-05-20_4137.txt,0.4000308234080441
2022-05-13_4168.txt,2022-07-05_4064.txt,0.389541379185061
2022-05-11_4191.txt,2022-07-05_4064.txt,0.4036025386084724
2022-06-16_4083.txt,2022-07-05_4064.txt,0.4154935658614359
2022-05-18_4147.txt,2022-07-05_4064.txt,0.3910108797394284
2022-05-13_4166.txt,2022-07-05_4064.txt,0.3855606474656658
2022-05-23_4125.txt,2022-07-05_4064.txt,0.4171450197763279
2022-05-16_4156.txt,2022-12-06_3857.txt,0.4030413999783047
2022-09-01_3972.txt,2022-12-06_3857.txt,0.4138668325315114
2022-08-05_4034.txt,2022-12-06_3857.txt,0.3924554130680571
2022-05-20_4134.txt,2022-12-06_3857.txt,0.39328077810419
2022-05-16_4153.txt,2022-12-06_3857.txt,0.4064510703693683
2022-05-11_4194.txt,2022-12-06_3857.txt,0.4095531907627341
2022-05-27_4112.txt,2022-12-06_3857.txt,0.4135241760138749
2022-05-24_4122.txt,2022-12-06_3857.txt,0.3862308528146586
2022-05-11_4191.txt,2022-12-06_3857.txt,0.4090102384372927
2022-12-06_3854.txt,2022-12-06_3857.txt,0.3882457297127326
2022-05-16_4155.txt,2022-12-06_3857.txt,0.3914580571929587
2022-05-23_4125.txt,2022-12-06_3857.txt,0.4197031322424308
2022-07-04_4067.txt,2022-12-06_3857.txt,0.38036651389098
2022-05-27_4114.txt,2022-12-06_3857.txt,0.4051720063455834
2022-05-19_4138.txt,2023-05-18_3552.txt,0.4159732445409553
2022-05-11_4192.txt,2023-05-18_3552.txt,0.3970062261225061
2022-09-05_3958.txt,2023-05-18_3552.txt,0.4010614237190943
2022-05-26_4118.txt,2023-05-18_3552.txt,0.4183278425565697
2022-05-12_4178.txt,2023-05-18_3552.txt,0.4131128433023698
2022-12-06_3855.txt,2023-05-18_3552.txt,0.4048860657738336
2022-05-26_4117.txt,2023-05-18_3552.txt,0.3986416631354673
2022-05-16_4153.txt,2023-05-18_3552.txt,0.4128803435632529
2022-05-23_4124.txt,2023-05-18_3552.txt,0.4034932224722941
2022-05-11_4191.txt,2023-05-18_3552.txt,0.3801888194804821
2022-06-01_4104.txt,2023-05-18_3552.txt,0.4073991360440925
2022-12-07_3853.txt,2023-05-18_3552.txt,0.4193794718564617
2022-06-16_4083.txt,2023-05-18_3552.txt,0.4007311446298453
2022-05-18_4147.txt,2023-05-18_3552.txt,0.3829912465582545
2022-12-06_3854.txt,2023-05-18_3552.txt,0.3901494232221637
2022-05-16_4155.txt,2023-05-18_3552.txt,0.391147198543832
2022-07-04_4067.txt,2023-05-18_3552.txt,0.3911893042791297
2022-09-07_3952.txt,2023-05-18_3552.txt,0.3839414425090005
2022-05-13_4168.txt,2022-06-20_4079.txt,0.3868821483678629
2022-05-12_4178.txt,2022-06-20_4079.txt,0.4160357156270277
2022-05-19_4142.txt,2022-06-20_4079.txt,0.4159679720466538
2022-06-09_4093.txt,2022-06-20_4079.txt,0.3921436712209872
2022-06-11_4091.txt,2022-06-20_4079.txt,0.4036772058871677
2022-05-27_4112.txt,2022-06-20_4079.txt,0.4170614373139681
2022-05-11_4191.txt,2022-06-20_4079.txt,0.4169800077025844
2022-06-01_4104.txt,2022-06-20_4079.txt,0.4084532403289494
2022-06-16_4083.txt,2022-06-20_4079.txt,0.4033640603492223
2022-05-23_4125.txt,2022-06-20_4079.txt,0.4125595284318952
2022-05-19_4138.txt,2022-07-26_4042.txt,0.4141057608747471
2022-05-12_4182.txt,2022-07-26_4042.txt,0.4071528214242259
2022-05-22_4130.txt,2022-07-26_4042.txt,0.3918590478888588
2022-05-19_4142.txt,2022-07-26_4042.txt,0.4084549451665059
2022-06-09_4093.txt,2022-07-26_4042.txt,0.3845331798254667
2022-05-19_4138.txt,2022-05-19_4142.txt,0.4050309610623
2022-05-12_4178.txt,2022-05-19_4142.txt,0.3933306166006443
2022-05-16_4153.txt,2022-05-19_4142.txt,0.4161856652436723
2022-05-11_4189.txt,2022-05-19_4142.txt,0.3863849195834024
2022-05-16_4155.txt,2022-05-19_4142.txt,0.4169578623924596
2022-05-14_4162.txt,2022-05-19_4142.txt,0.4028349464715292
2022-05-11_4190.txt,2022-05-19_4142.txt,0.3800050948178941
2022-05-19_4138.txt,2022-06-11_4089.txt,0.4088316480329654
2022-05-12_4178.txt,2022-06-11_4089.txt,0.3951358456793494
2022-05-20_4134.txt,2022-06-11_4089.txt,0.4089143482533465
2022-05-11_4191.txt,2022-06-11_4089.txt,0.389224766569517
2022-05-11_4189.txt,2022-06-11_4089.txt,0.3904575293796217
2022-05-11_4195.txt,2022-06-11_4089.txt,0.3915606882603898
2022-05-12_4183.txt,2022-06-11_4089.txt,0.3946933889264567
2022-05-16_4155.txt,2022-06-11_4089.txt,0.389612397878516
2022-05-14_4162.txt,2022-06-11_4089.txt,0.3899177180420146
2022-05-23_4125.txt,2022-06-11_4089.txt,0.4152276898419627
2022-05-14_4165.txt,2022-06-11_4089.txt,0.3912538606730474
2022-05-27_4114.txt,2022-06-11_4089.txt,0.4072488380481541
2022-05-11_4190.txt,2022-06-11_4089.txt,0.3913851173572351
2022-06-11_4089.txt,2022-07-28_4040.txt,0.41606017822762
2022-05-26_4118.txt,2022-07-28_4040.txt,0.4144793572338198
2022-05-26_4117.txt,2022-07-28_4040.txt,0.4076343874283497
2022-06-09_4093.txt,2022-07-28_4040.txt,0.4181910261052582
2022-06-11_4091.txt,2022-07-28_4040.txt,0.4045313653312011
2022-05-13_4176.txt,2022-07-28_4040.txt,0.4148976947239469
2022-05-27_4112.txt,2022-07-28_4040.txt,0.3909478760001135
2022-05-24_4122.txt,2022-07-28_4040.txt,0.413860345553851
2022-05-11_4187.txt,2022-07-28_4040.txt,0.387103018705199
2022-05-11_4191.txt,2022-07-28_4040.txt,0.4117815364558052
2022-05-11_4195.txt,2022-07-28_4040.txt,0.4098025424179835
2022-05-19_4138.txt,2022-11-14_3877.txt,0.3815986668894828
2022-07-26_4042.txt,2022-11-14_3877.txt,0.415014706891894
2022-05-16_4156.txt,2022-11-14_3877.txt,0.4083054621381474
2022-05-11_4192.txt,2022-11-14_3877.txt,0.4070076252346832
2022-09-05_3958.txt,2022-11-14_3877.txt,0.4156460211606869
2022-06-08_4096.txt,2022-11-14_3877.txt,0.393404474681689
2022-05-13_4168.txt,2022-11-14_3877.txt,0.3886922277560203
2022-05-26_4118.txt,2022-11-14_3877.txt,0.3886088760033484
2022-05-26_4117.txt,2022-11-14_3877.txt,0.3856230112535851
2022-05-16_4153.txt,2022-11-14_3877.txt,0.4184461024705687
2022-09-20_3942.txt,2022-11-14_3877.txt,0.4111484965139684
2022-05-11_4187.txt,2022-11-14_3877.txt,0.3893153182072236
2022-11-05_3887.txt,2022-11-14_3877.txt,0.392612972450507
2022-05-11_4195.txt,2022-11-14_3877.txt,0.383554839447091
2022-06-16_4083.txt,2022-11-14_3877.txt,0.4133306622493157
2022-05-19_4138.txt,2022-08-18_3993.txt,0.3907072216603531
2022-07-26_4042.txt,2022-08-18_3993.txt,0.415585272883921
2022-05-11_4192.txt,2022-08-18_3993.txt,0.4012034007931981
2022-05-13_4170.txt,2022-08-18_3993.txt,0.4177479026166237
2022-05-13_4168.txt,2022-08-18_3993.txt,0.4102999227812802
2022-05-12_4178.txt,2022-08-18_3993.txt,0.3878456462842442
2022-08-05_4034.txt,2022-08-18_3993.txt,0.4028565900519555
2022-06-09_4093.txt,2022-08-18_3993.txt,0.413301231847666
2022-05-16_4153.txt,2022-08-18_3993.txt,0.4030824542636238
2022-05-11_4187.txt,2022-08-18_3993.txt,0.413507175298382
2022-05-11_4189.txt,2022-08-18_3993.txt,0.4081024445908329
2022-06-16_4083.txt,2022-08-18_3993.txt,0.413691271517256
2022-05-16_4155.txt,2022-08-18_3993.txt,0.4003318024433099
2022-05-14_4162.txt,2022-08-18_3993.txt,0.3804406350145179
2022-05-23_4125.txt,2022-08-18_3993.txt,0.399544164312209
2022-05-11_4192.txt,2022-12-06_3855.txt,0.3929849236170262
2022-09-06_3954.txt,2022-12-06_3855.txt,0.4052577388940354
2022-09-15_3945.txt,2022-12-06_3855.txt,0.4123233895895811
2022-07-08_4059.txt,2022-12-06_3855.txt,0.3838379704999829
2022-07-13_4052.txt,2022-12-06_3855.txt,0.4175069876698403
2022-09-06_3956.txt,2022-12-06_3855.txt,0.3940749423928681
2022-05-11_4195.txt,2022-12-06_3855.txt,0.3805788498097652
2022-06-16_4083.txt,2022-12-06_3855.txt,0.4164469514248901
2022-05-16_4155.txt,2022-12-06_3855.txt,0.3974324235818241
2022-05-23_4125.txt,2022-12-06_3855.txt,0.3883259736809759
2022-05-11_4187.txt,2022-05-13_4176.txt,0.4165526133850755
2022-05-12_4183.txt,2022-05-13_4176.txt,0.4042711571476259
2022-05-13_4177.txt,2022-05-18_4148.txt,0.3904384326065248
2022-05-13_4168.txt,2022-05-18_4148.txt,0.398475336789665
2022-05-18_4147.txt,2022-05-18_4148.txt,0.3866416055262148
2022-05-16_4155.txt,2022-05-18_4148.txt,0.3931949602499183
2022-05-14_4165.txt,2022-05-18_4148.txt,0.4118587952972269
2022-05-19_4138.txt,2022-05-23_4124.txt,0.388038051480909
2022-05-20_4134.txt,2022-05-23_4124.txt,0.3927758623093508
2022-05-16_4153.txt,2022-05-23_4124.txt,0.3897861404922415
2022-05-11_4191.txt,2022-05-23_4124.txt,0.4190880205536213
2022-05-14_4162.txt,2022-05-23_4124.txt,0.410215588320039
2022-05-11_4188.txt,2022-05-23_4124.txt,0.3809226648536105
2022-07-26_4042.txt,2022-09-05_3964.txt,0.4077703117289741
2022-05-16_4156.txt,2022-09-05_3964.txt,0.4139218255512445
2022-05-12_4178.txt,2022-09-05_3964.txt,0.3938082576022927
2022-08-05_4034.txt,2022-09-05_3964.txt,0.3867999749934052
2022-06-09_4093.txt,2022-09-05_3964.txt,0.4047961453405265
2022-05-20_4134.txt,2022-09-05_3964.txt,0.4072457815133909
2022-07-02_4070.txt,2022-09-05_3964.txt,0.385143383320813
2022-05-11_4191.txt,2022-09-05_3964.txt,0.4061076648267436
2022-05-11_4195.txt,2022-09-05_3964.txt,0.3902812810339265
2022-05-12_4183.txt,2022-09-05_3964.txt,0.3821083837155197
2022-05-23_4125.txt,2022-09-05_3964.txt,0.4162498328432816
2022-07-04_4067.txt,2022-09-05_3964.txt,0.3875380680532453
2022-05-13_4174.txt,2022-05-16_4156.txt,0.388571356035096
2022-05-12_4183.txt,2022-05-16_4156.txt,0.3935788036238768
2022-05-19_4138.txt,2022-05-22_4130.txt,0.381528004191646
2022-05-11_4192.txt,2022-05-22_4130.txt,0.3862119371038139
2022-05-16_4153.txt,2022-05-22_4130.txt,0.3943964559339933
2022-05-11_4187.txt,2022-05-22_4130.txt,0.419244396180369
2022-05-11_4189.txt,2022-05-22_4130.txt,0.3904258474568429
2022-05-23_4126.txt,2022-09-01_3972.txt,0.4185217804312136
2022-05-19_4138.txt,2022-09-01_3972.txt,0.3988173650705823
2022-05-20_4137.txt,2022-09-01_3972.txt,0.3978177728102837
2022-05-11_4192.txt,2022-09-01_3972.txt,0.3869968956865933
2022-07-04_4066.txt,2022-09-01_3972.txt,0.4130073861440325
2022-06-20_4079.txt,2022-09-01_3972.txt,0.3976109177070003
2022-05-13_4170.txt,2022-09-01_3972.txt,0.4032904108878933
2022-07-04_4065.txt,2022-09-01_3972.txt,0.3983674251234511
2022-06-11_4089.txt,2022-09-01_3972.txt,0.3899858357229868
2022-06-09_4093.txt,2022-09-01_3972.txt,0.3930924338031472
2022-08-18_3993.txt,2022-09-01_3972.txt,0.4121544639908821
2022-05-20_4134.txt,2022-09-01_3972.txt,0.3833506245728919
2022-05-24_4122.txt,2022-09-01_3972.txt,0.3948391486930358
2022-05-14_4162.txt,2022-05-14_4165.txt,0.3994151852098124
2022-07-26_4042.txt,2022-09-15_3945.txt,0.4157598325342435
2022-09-05_3958.txt,2022-09-15_3945.txt,0.3976129498478189
2022-05-13_4177.txt,2022-09-15_3945.txt,0.4117563608407796
2022-06-11_4089.txt,2022-09-15_3945.txt,0.4131890963231122
2022-05-26_4118.txt,2022-09-15_3945.txt,0.3913090179651822
2022-05-19_4142.txt,2022-09-15_3945.txt,0.3840135015473123
2022-05-27_4112.txt,2022-09-15_3945.txt,0.4164008089812659
2022-05-24_4122.txt,2022-09-15_3945.txt,0.3934510385630161
2022-05-11_4187.txt,2022-09-15_3945.txt,0.3926712377018905
2022-05-11_4189.txt,2022-09-15_3945.txt,0.3861189107484584
2022-07-26_4042.txt,2023-05-11_3573.txt,0.3980132534273362
2022-05-11_4192.txt,2023-05-11_3573.txt,0.405578457006144
2022-05-13_4177.txt,2023-05-11_3573.txt,0.4147852561860009
2022-06-08_4096.txt,2023-05-11_3573.txt,0.3828193212015114
2022-07-08_4059.txt,2023-05-11_3573.txt,0.4077773648990609
2022-06-11_4089.txt,2023-05-11_3573.txt,0.4192779012138514
2022-05-26_4118.txt,2023-05-11_3573.txt,0.3899341417771599
2022-05-19_4142.txt,2023-05-11_3573.txt,0.3961216902133697
2022-12-06_3855.txt,2023-05-11_3573.txt,0.3900883155097544
2022-05-26_4117.txt,2023-05-11_3573.txt,0.3984630257543958
2022-06-09_4093.txt,2023-05-11_3573.txt,0.4124889684998964
2022-05-20_4134.txt,2023-05-11_3573.txt,0.3820870575743634
2022-05-16_4153.txt,2023-05-11_3573.txt,0.3911449453992628
2022-05-24_4122.txt,2023-05-11_3573.txt,0.409773847007645
2022-05-23_4124.txt,2023-05-11_3573.txt,0.4034960469145028
2022-05-11_4189.txt,2023-05-11_3573.txt,0.4175756681975714
2022-11-05_3887.txt,2023-05-11_3573.txt,0.393699290721513
2022-05-11_4195.txt,2023-05-11_3573.txt,0.4057050086788745
2022-05-19_4138.txt,2023-05-11_3581.txt,0.4057574932526859
2022-07-26_4042.txt,2023-05-11_3581.txt,0.4053785983990006
2023-05-02_3607.txt,2023-05-11_3581.txt,0.4048347813945718
2022-05-16_4156.txt,2023-05-11_3581.txt,0.4042752623937331
2022-05-12_4182.txt,2023-05-11_3581.txt,0.4116879613691965
2022-05-13_4170.txt,2023-05-11_3581.txt,0.4109415469578963
2022-09-05_3958.txt,2023-05-11_3581.txt,0.3906714742978864
2022-05-13_4177.txt,2023-05-11_3581.txt,0.3832045472109888
2022-06-08_4096.txt,2023-05-11_3581.txt,0.4103288567611728
2022-07-08_4059.txt,2023-05-11_3581.txt,0.4017638731400249
2022-05-22_4130.txt,2023-05-11_3581.txt,0.3894458027021734
2022-09-05_3964.txt,2023-05-11_3581.txt,0.4091265573190964
2022-07-13_4052.txt,2023-05-11_3581.txt,0.3930279889287555
2022-06-11_4089.txt,2023-05-11_3581.txt,0.4070245130161931
2022-05-26_4118.txt,2023-05-11_3581.txt,0.4054994775774518
2022-05-16_4153.txt,2023-05-11_3581.txt,0.3883301510663502
2022-05-24_4122.txt,2023-05-11_3581.txt,0.3973154350431997
2022-11-05_3887.txt,2023-05-11_3581.txt,0.3982835661146655
2022-06-01_4104.txt,2023-05-11_3581.txt,0.4078326554664956
2022-06-16_4083.txt,2023-05-11_3581.txt,0.386136035189818
2022-05-11_4186.txt,2023-05-11_3581.txt,0.4167352527841574
2022-05-13_4166.txt,2023-05-11_3581.txt,0.4073235243883248
2022-05-12_4182.txt,2023-05-11_3574.txt,0.4052264135425625
2022-05-11_4192.txt,2023-05-11_3574.txt,0.405295736732792
2022-06-20_4079.txt,2023-05-11_3574.txt,0.4069546077436458
2022-09-05_3958.txt,2023-05-11_3574.txt,0.399460473446835
2022-07-28_4040.txt,2023-05-11_3574.txt,0.4131664737068973
2023-05-11_3573.txt,2023-05-11_3574.txt,0.4028331750975552
2022-09-15_3945.txt,2023-05-11_3574.txt,0.3878367272167393
2022-05-18_4149.txt,2023-05-11_3574.txt,0.4103848194773238
2022-08-18_3993.txt,2023-05-11_3574.txt,0.4004711554941181
2022-06-11_4091.txt,2023-05-11_3574.txt,0.4065312688874405
2022-05-13_4174.txt,2023-05-11_3574.txt,0.3838617091358956
2022-05-23_4124.txt,2023-05-11_3574.txt,0.3878100586981597
2022-05-11_4195.txt,2023-05-11_3574.txt,0.4094524281811055
2022-06-01_4104.txt,2023-05-11_3574.txt,0.3963247308074554
2022-08-18_3990.txt,2023-05-11_3574.txt,0.3818822821027519
2023-05-10_3586.txt,2023-05-11_3574.txt,0.4188487672842544
2022-05-14_4162.txt,2022-05-16_4155.txt,0.3888846793029792
2022-07-26_4042.txt,2022-09-20_3942.txt,0.408687551642356
2022-05-13_4170.txt,2022-09-20_3942.txt,0.384316850465028
2022-09-05_3958.txt,2022-09-20_3942.txt,0.4102163802948069
2022-06-08_4096.txt,2022-09-20_3942.txt,0.4071233228620955
2022-05-26_4117.txt,2022-09-20_3942.txt,0.4094221582555544
2022-07-02_4070.txt,2022-09-20_3942.txt,0.4048694361665627
2022-06-16_4083.txt,2022-09-20_3942.txt,0.3987425086491113
2022-05-16_4155.txt,2022-09-20_3942.txt,0.419406758767175
2022-05-11_4192.txt,2022-11-05_3887.txt,0.4163769789645085
2022-09-01_3975.txt,2022-11-05_3887.txt,0.4186757467447793
2022-09-05_3958.txt,2022-11-05_3887.txt,0.3803442393165887
2022-05-13_4177.txt,2022-11-05_3887.txt,0.4005704849019
2022-07-08_4059.txt,2022-11-05_3887.txt,0.3883515829099644
2022-05-22_4130.txt,2022-11-05_3887.txt,0.4081474752517463
2022-05-18_4149.txt,2022-11-05_3887.txt,0.3909419707885079
2022-05-13_4168.txt,2022-11-05_3887.txt,0.3935322875030466
2022-07-13_4052.txt,2022-11-05_3887.txt,0.4177559737297661
2022-06-11_4089.txt,2022-11-05_3887.txt,0.3926837598924093
2022-05-26_4117.txt,2022-11-05_3887.txt,0.4069465114305425
2022-06-11_4091.txt,2022-11-05_3887.txt,0.3990957051726437
2022-05-16_4153.txt,2022-11-05_3887.txt,0.4126880025202126
2022-09-06_3956.txt,2022-11-05_3887.txt,0.4010206955598819
2022-05-11_4191.txt,2022-11-05_3887.txt,0.3858534623262026
2022-06-01_4104.txt,2022-11-05_3887.txt,0.3821630035327002
2022-05-12_4183.txt,2022-11-05_3887.txt,0.3890816305234936
2022-05-13_4170.txt,2022-07-04_4065.txt,0.3957153929002711
2022-05-18_4149.txt,2022-07-04_4065.txt,0.4063305881324428
2022-05-26_4118.txt,2022-07-04_4065.txt,0.3922791144177694
2022-05-19_4142.txt,2022-07-04_4065.txt,0.3971744024344918
2022-06-11_4091.txt,2022-07-04_4065.txt,0.4198154445558259
2022-05-27_4112.txt,2022-07-04_4065.txt,0.4015495494136234
2022-05-11_4191.txt,2022-07-04_4065.txt,0.3954248711908609
2022-06-01_4104.txt,2022-07-04_4065.txt,0.3910925840901295
2022-05-12_4182.txt,2023-05-03_3603.txt,0.4000605719294822
2022-05-11_4192.txt,2023-05-03_3603.txt,0.4167400653213511
2022-05-13_4170.txt,2023-05-03_3603.txt,0.4150447060635322
2022-05-19_4142.txt,2023-05-03_3603.txt,0.3936400057331636
2022-08-05_4034.txt,2023-05-03_3603.txt,0.4100748886390194
2022-05-20_4134.txt,2023-05-03_3603.txt,0.4070489212106117
2022-05-24_4122.txt,2023-05-03_3603.txt,0.3844524617754169
2022-09-06_3956.txt,2023-05-03_3603.txt,0.3948711948179228
2022-05-11_4189.txt,2023-05-03_3603.txt,0.3940299791418182
2022-05-11_4195.txt,2023-05-03_3603.txt,0.4094243972029984
2022-12-07_3853.txt,2023-05-03_3603.txt,0.3977826760511974
2022-05-13_4177.txt,2022-05-26_4117.txt,0.3814229167075614
2022-05-22_4130.txt,2022-05-26_4117.txt,0.4004819638374156
2022-05-13_4176.txt,2022-05-26_4117.txt,0.3904019157970236
2022-05-11_4194.txt,2022-05-26_4117.txt,0.4107068218205229
2022-05-11_4189.txt,2022-05-26_4117.txt,0.3866372114793469
2022-05-11_4195.txt,2022-05-26_4117.txt,0.4159777833793784
2022-05-13_4177.txt,2022-05-14_4162.txt,0.4101248332766843
2022-05-13_4176.txt,2022-05-14_4162.txt,0.4193797812888469
2022-05-12_4182.txt,2023-07-18_3416.txt,0.3968276954875165
2022-05-20_4137.txt,2023-07-18_3416.txt,0.4198949365888461
2022-05-11_4192.txt,2023-07-18_3416.txt,0.4149143952153439
2022-05-13_4170.txt,2023-07-18_3416.txt,0.4012941097443413
2022-05-13_4177.txt,2023-07-18_3416.txt,0.4084927344141422
2022-06-08_4096.txt,2023-07-18_3416.txt,0.3817859537513885
2022-07-08_4059.txt,2023-07-18_3416.txt,0.4197151476665064
2022-05-19_4142.txt,2023-07-18_3416.txt,0.3998249887111328
2022-06-09_4093.txt,2023-07-18_3416.txt,0.4024456355648582
2022-05-20_4134.txt,2023-07-18_3416.txt,0.4070582308909656
2022-05-23_4124.txt,2023-07-18_3416.txt,0.3840720512972805
2023-05-11_3574.txt,2023-07-18_3416.txt,0.3808761222841417
2022-11-05_3887.txt,2023-07-18_3416.txt,0.3834401231775816
2022-05-11_4195.txt,2023-07-18_3416.txt,0.3924753070243089
2022-05-16_4156.txt,2022-07-13_4052.txt,0.3808433609799728
2022-06-08_4096.txt,2022-07-13_4052.txt,0.3800071712238164
2022-06-11_4089.txt,2022-07-13_4052.txt,0.4051995681181082
2022-05-20_4134.txt,2022-07-13_4052.txt,0.3982300804687935
2022-05-13_4176.txt,2022-07-13_4052.txt,0.4001015457989536
2022-07-08_4058.txt,2022-07-13_4052.txt,0.3919840987006818
2022-07-26_4042.txt,2023-05-11_3580.txt,0.3877934583002395
2022-05-12_4182.txt,2023-05-11_3580.txt,0.3992750097351336
2022-05-20_4137.txt,2023-05-11_3580.txt,0.4135377522989813
2022-08-18_3995.txt,2023-05-11_3580.txt,0.4164383875107459
2022-05-22_4130.txt,2023-05-11_3580.txt,0.4072112010245114
2022-05-12_4178.txt,2023-05-11_3580.txt,0.4173408135008875
2022-09-01_3972.txt,2023-05-11_3580.txt,0.4066393583240159
2022-05-26_4117.txt,2023-05-11_3580.txt,0.3963748107881303
2022-05-24_4122.txt,2023-05-11_3580.txt,0.4112145085863786
2022-05-11_4187.txt,2023-05-11_3580.txt,0.3822737647491467
2022-05-11_4186.txt,2023-05-11_3580.txt,0.3991909166267077
2022-05-23_4126.txt,2022-06-09_4093.txt,0.3926268333413483
2022-05-19_4140.txt,2022-06-09_4093.txt,0.3870247441901975
2022-05-19_4138.txt,2022-06-09_4093.txt,0.4070142658041115
2022-05-12_4182.txt,2022-06-09_4093.txt,0.4001117669207775
2022-05-20_4137.txt,2022-06-09_4093.txt,0.4163712804086317
2022-05-11_4192.txt,2022-06-09_4093.txt,0.3987731043283337
2022-05-13_4170.txt,2022-06-09_4093.txt,0.3829479943953132
2022-05-26_4118.txt,2022-06-09_4093.txt,0.3839536105461125
2022-05-26_4117.txt,2022-06-09_4093.txt,0.4062685676659364
2022-05-13_4176.txt,2022-06-09_4093.txt,0.3937249137174288
2022-05-24_4122.txt,2022-06-09_4093.txt,0.4104914411638731
2022-05-23_4124.txt,2022-06-09_4093.txt,0.4091870287302882
2022-05-11_4189.txt,2022-06-09_4093.txt,0.3890333326522158
2022-06-01_4104.txt,2022-06-09_4093.txt,0.4042911575259753
2022-05-13_4170.txt,2022-06-01_4104.txt,0.403375399220805
2022-05-18_4149.txt,2022-06-01_4104.txt,0.3901237485178506
2022-05-26_4118.txt,2022-06-01_4104.txt,0.4053376988766876
2022-05-12_4178.txt,2022-06-01_4104.txt,0.398472128704159
2022-05-19_4142.txt,2022-06-01_4104.txt,0.4036096116991144
2022-05-26_4117.txt,2022-06-01_4104.txt,0.4089246187984388
2022-05-16_4153.txt,2022-06-01_4104.txt,0.3914670023992468
2022-05-23_4126.txt,2022-05-27_4112.txt,0.3949505482536438
2022-05-19_4138.txt,2022-05-27_4112.txt,0.3891636544117736
2022-05-13_4177.txt,2022-05-27_4112.txt,0.3910476570748289
2022-05-22_4130.txt,2022-05-27_4112.txt,0.4111950615393598
2022-05-13_4168.txt,2022-05-27_4112.txt,0.3841381028156851
2022-05-26_4118.txt,2022-05-27_4112.txt,0.3924138653829549
2022-05-20_4134.txt,2022-05-27_4112.txt,0.3928700042342936
2022-05-16_4153.txt,2022-05-27_4112.txt,0.3923598493522511
2022-05-24_4122.txt,2022-05-27_4112.txt,0.409773677211341
2022-05-23_4124.txt,2022-05-27_4112.txt,0.4176143122093608
2022-05-11_4187.txt,2022-05-27_4112.txt,0.4126415930676144
2022-05-23_4126.txt,2022-06-08_4096.txt,0.3816869604578334
2022-05-12_4182.txt,2022-06-08_4096.txt,0.3883733702903758
2022-05-13_4170.txt,2022-06-08_4096.txt,0.3875290720258256
2022-05-13_4168.txt,2022-06-08_4096.txt,0.4072302465070119
2022-05-19_4142.txt,2022-06-08_4096.txt,0.3805735949637973
2022-05-20_4134.txt,2022-06-08_4096.txt,0.4075744494346106
2022-05-16_4153.txt,2022-06-08_4096.txt,0.4095870703601836
2022-05-13_4176.txt,2022-06-08_4096.txt,0.3956087793445904
2022-05-12_4182.txt,2022-07-08_4059.txt,0.3912301497575173
2022-05-11_4192.txt,2022-07-08_4059.txt,0.3948449792699361
2022-05-13_4170.txt,2022-07-08_4059.txt,0.3878815543643686
2022-05-20_4134.txt,2022-07-08_4059.txt,0.3813499857197935
2022-05-11_4195.txt,2022-07-08_4059.txt,0.3920942723379604
2022-07-04_4067.txt,2022-07-08_4059.txt,0.4167393934278365
2022-05-13_4170.txt,2022-06-11_4091.txt,0.3873857863937925
2022-05-18_4149.txt,2022-06-11_4091.txt,0.4175429506417145
2022-05-26_4118.txt,2022-06-11_4091.txt,0.4068359549831694
2022-05-26_4117.txt,2022-06-11_4091.txt,0.3817263520603731
2022-05-13_4176.txt,2022-06-11_4091.txt,0.3972538983978216
2022-05-23_4124.txt,2022-06-11_4091.txt,0.39934922770354
2022-05-11_4191.txt,2022-06-11_4091.txt,0.4146197709806032
2022-05-11_4189.txt,2022-06-11_4091.txt,0.3999915792637099
2022-06-01_4104.txt,2022-06-11_4091.txt,0.3971728201428364
2022-05-18_4147.txt,2022-06-11_4091.txt,0.3826353613035376
2022-05-11_4192.txt,2022-05-26_4118.txt,0.4198796921607694
2022-05-22_4130.txt,2022-05-26_4118.txt,0.4185873826196398
2022-05-13_4168.txt,2022-05-26_4118.txt,0.3915821146559199
2022-05-12_4178.txt,2022-05-26_4118.txt,0.3924315271910476
2022-05-16_4153.txt,2022-05-26_4118.txt,0.3889623342742716
2022-05-11_4187.txt,2022-05-26_4118.txt,0.3936886996010598
2022-05-11_4191.txt,2022-05-26_4118.txt,0.4105437577768104
2022-05-11_4195.txt,2022-05-26_4118.txt,0.3932178202082103
2022-05-23_4125.txt,2022-05-26_4118.txt,0.4199948497356709
2022-05-12_4182.txt,2022-05-19_4138.txt,0.3863633110170424
2022-05-12_4178.txt,2022-05-19_4138.txt,0.3803048994059758
2022-05-11_4186.txt,2022-05-19_4138.txt,0.384999987136551
2022-05-16_4156.txt,2022-06-16_4083.txt,0.3897311664520844
2022-05-11_4192.txt,2022-06-16_4083.txt,0.383943183635733
2022-05-13_4170.txt,2022-06-16_4083.txt,0.3940094906434593
2022-05-22_4130.txt,2022-06-16_4083.txt,0.3869445706403342
2022-05-18_4149.txt,2022-06-16_4083.txt,0.3956245992500344
2022-06-11_4089.txt,2022-06-16_4083.txt,0.410081192127211
2022-05-26_4117.txt,2022-06-16_4083.txt,0.3820695398000023
2022-06-11_4091.txt,2022-06-16_4083.txt,0.3921114545249666
2022-05-11_4189.txt,2022-06-16_4083.txt,0.382657526348829
2022-06-01_4104.txt,2022-06-16_4083.txt,0.4038986965853284
2022-05-23_4125.txt,2022-06-16_4083.txt,0.3917833670101946
2022-05-11_4190.txt,2022-06-16_4083.txt,0.3957626566882997
2022-05-12_4181.txt,2022-06-16_4083.txt,0.3878727585402296
2022-05-13_4171.txt,2022-09-06_3956.txt,0.4169901176077757
2022-05-11_4192.txt,2022-09-06_3956.txt,0.3959677090582161
2022-09-01_3975.txt,2022-09-06_3956.txt,0.4071595329686935
2022-05-13_4170.txt,2022-09-06_3956.txt,0.4171998835931997
2022-09-05_3958.txt,2022-09-06_3956.txt,0.3996526577316386
2022-07-28_4040.txt,2022-09-06_3956.txt,0.395422359267338
2022-05-18_4149.txt,2022-09-06_3956.txt,0.3830363528748839
2022-05-20_4134.txt,2022-09-06_3956.txt,0.3967220688178214
2022-05-23_4124.txt,2022-09-06_3956.txt,0.4107205103097796
2022-05-11_4191.txt,2022-09-06_3956.txt,0.3888067593742331
2022-06-01_4104.txt,2022-09-06_3956.txt,0.3994733955652289
2022-06-16_4083.txt,2022-09-06_3956.txt,0.3869574483161913
2022-05-13_4171.txt,2022-09-05_3958.txt,0.4167869084650031
2022-05-11_4192.txt,2022-09-05_3958.txt,0.391484384514089
2022-09-01_3975.txt,2022-09-05_3958.txt,0.4027207921440091
2022-08-18_3995.txt,2022-09-05_3958.txt,0.4036771782448342
2022-06-20_4079.txt,2022-09-05_3958.txt,0.3928310297204899
2022-05-13_4177.txt,2022-09-05_3958.txt,0.3988897381104493
2022-07-28_4040.txt,2022-09-05_3958.txt,0.3929040246271831
2022-06-08_4096.txt,2022-09-05_3958.txt,0.419976176407541
2022-05-22_4130.txt,2022-09-05_3958.txt,0.4183301747561902
2022-06-09_4093.txt,2022-09-05_3958.txt,0.3923940375078465
2022-06-11_4091.txt,2022-09-05_3958.txt,0.3947783278848984
2022-05-11_4194.txt,2022-09-05_3958.txt,0.4148206527756824
2022-05-27_4112.txt,2022-09-05_3958.txt,0.4012543861226983
2022-05-11_4191.txt,2022-09-05_3958.txt,0.4148221253771822
2022-05-11_4189.txt,2022-09-05_3958.txt,0.4119541192377771
2022-06-01_4104.txt,2022-09-05_3958.txt,0.3952632106100269
2022-05-14_4162.txt,2022-09-05_3958.txt,0.382833887910735
2022-05-27_4114.txt,2022-09-05_3958.txt,0.3861978662486506
2022-05-13_4171.txt,2023-05-18_3550.txt,0.4166413650590956
2022-12-06_3857.txt,2023-05-18_3550.txt,0.4093184118906129
2022-07-04_4066.txt,2023-05-18_3550.txt,0.3970974071414396
2022-08-18_3995.txt,2023-05-18_3550.txt,0.3824500785099482
2022-06-20_4079.txt,2023-05-18_3550.txt,0.3813316796681834
2022-09-05_3959.txt,2023-05-18_3550.txt,0.4107337279693598
2022-09-06_3954.txt,2023-05-18_3550.txt,0.3979636510924997
2022-05-13_4177.txt,2023-05-18_3550.txt,0.3806862330114521
2023-05-11_3573.txt,2023-05-18_3550.txt,0.4078250664690333
2022-07-08_4059.txt,2023-05-18_3550.txt,0.3961909162286106
2022-05-22_4130.txt,2023-05-18_3550.txt,0.3866924886709465
2022-09-05_3964.txt,2023-05-18_3550.txt,0.3976746697956274
2022-07-13_4052.txt,2023-05-18_3550.txt,0.4085284591486746
2022-06-11_4089.txt,2023-05-18_3550.txt,0.4097423656408365
2023-05-03_3603.txt,2023-05-18_3550.txt,0.4062037912728607
2022-09-01_3972.txt,2023-05-18_3550.txt,0.4071422422981903
2022-05-20_4134.txt,2023-05-18_3550.txt,0.3823162475111272
2022-05-27_4112.txt,2023-05-18_3550.txt,0.3972049088431221
2022-05-24_4122.txt,2023-05-18_3550.txt,0.4119930960970944
2022-05-11_4189.txt,2023-05-18_3550.txt,0.3894513209952329
2023-05-11_3574.txt,2023-05-18_3550.txt,0.3893462426939333
2022-12-06_3854.txt,2023-05-18_3550.txt,0.4182474709227585
2023-05-11_3580.txt,2023-05-18_3550.txt,0.3879122244554538
2022-05-13_4171.txt,2022-05-20_4134.txt,0.4143454266906473
2022-05-19_4140.txt,2022-05-20_4134.txt,0.4002167689489014
2022-05-11_4192.txt,2022-05-20_4134.txt,0.3899871297231954
2022-05-12_4178.txt,2022-05-20_4134.txt,0.3857096257955565
2022-05-13_4176.txt,2022-05-20_4134.txt,0.401354889793716
2022-05-13_4171.txt,2023-05-02_3607.txt,0.4114070045632039
2022-05-23_4126.txt,2023-05-02_3607.txt,0.4163164356469704
2022-05-19_4140.txt,2023-05-02_3607.txt,0.414965668078891
2022-12-06_3857.txt,2023-05-02_3607.txt,0.3991536124087455
2022-05-20_4137.txt,2023-05-02_3607.txt,0.4141089547885576
2022-05-11_4192.txt,2023-05-02_3607.txt,0.3821477740671275
2022-07-04_4066.txt,2023-05-02_3607.txt,0.3967541529648981
2022-08-18_3995.txt,2023-05-02_3607.txt,0.4141992438428096
2022-09-05_3959.txt,2023-05-02_3607.txt,0.4088051394329741
2022-06-08_4096.txt,2023-05-02_3607.txt,0.3844633872665277
2022-07-08_4059.txt,2023-05-02_3607.txt,0.3843394676974262
2022-05-18_4149.txt,2023-05-02_3607.txt,0.4087741675218671
2022-07-13_4052.txt,2023-05-02_3607.txt,0.3993433520676074
2022-06-11_4089.txt,2023-05-02_3607.txt,0.4108530855786719
2022-05-12_4178.txt,2023-05-02_3607.txt,0.4163719133568234
2022-06-09_4093.txt,2023-05-02_3607.txt,0.3816405173096365
2022-08-18_3993.txt,2023-05-02_3607.txt,0.4024847439223458
2022-05-13_4176.txt,2023-05-02_3607.txt,0.389162413122895
2022-05-23_4124.txt,2023-05-02_3607.txt,0.3959499524646457
2022-12-06_3854.txt,2023-05-02_3607.txt,0.4095930093779449
2022-05-13_4171.txt,2022-12-07_3853.txt,0.4047281072653711
2022-05-12_4182.txt,2022-12-07_3853.txt,0.3872590560308309
2022-07-04_4066.txt,2022-12-07_3853.txt,0.4032339936014186
2022-08-18_3995.txt,2022-12-07_3853.txt,0.392170920349415
2022-09-05_3959.txt,2022-12-07_3853.txt,0.4196776546619011
2022-09-05_3958.txt,2022-12-07_3853.txt,0.3950964954867281
2022-09-06_3954.txt,2022-12-07_3853.txt,0.4106889694744884
2022-05-13_4177.txt,2022-12-07_3853.txt,0.4007991174727808
2022-07-28_4040.txt,2022-12-07_3853.txt,0.3865363946539675
2022-05-22_4130.txt,2022-12-07_3853.txt,0.4169536902781484
2022-07-04_4065.txt,2022-12-07_3853.txt,0.3818221369574328
2022-09-05_3964.txt,2022-12-07_3853.txt,0.4007167329320167
2022-05-26_4118.txt,2022-12-07_3853.txt,0.4061039267043237
2022-05-26_4117.txt,2022-12-07_3853.txt,0.400268094124422
2022-08-18_3993.txt,2022-12-07_3853.txt,0.4094115453143503
2022-11-14_3877.txt,2022-12-07_3853.txt,0.4034444984610683
2022-09-20_3942.txt,2022-12-07_3853.txt,0.4051995448481722
2022-05-13_4176.txt,2022-12-07_3853.txt,0.3884137935622516
2022-09-06_3956.txt,2022-12-07_3853.txt,0.3994568887599932
2022-05-23_4124.txt,2022-12-07_3853.txt,0.3829833431409316
2022-05-13_4171.txt,2022-05-24_4122.txt,0.404088325039605
2022-05-19_4140.txt,2022-05-24_4122.txt,0.3921375019989624
2022-05-13_4175.txt,2022-05-24_4122.txt,0.4065248911710519
2022-05-12_4182.txt,2022-05-24_4122.txt,0.3940458014913884
2022-05-22_4130.txt,2022-05-24_4122.txt,0.3815005653090769
2022-05-23_4126.txt,2023-06-05_3524.txt,0.3827946267593514
2022-05-19_4140.txt,2023-06-05_3524.txt,0.3839287668960053
2022-05-13_4175.txt,2023-06-05_3524.txt,0.3906374134422192
2022-12-24_3836.txt,2023-06-05_3524.txt,0.3982833414533435
2022-05-20_4137.txt,2023-06-05_3524.txt,0.3945246093175509
2022-09-01_3975.txt,2023-06-05_3524.txt,0.4161524564938922
2022-07-04_4066.txt,2023-06-05_3524.txt,0.4018952516383051
2022-08-18_3995.txt,2023-06-05_3524.txt,0.4012781871756485
2022-07-28_4040.txt,2023-06-05_3524.txt,0.3953810231427134
2022-07-05_4064.txt,2023-06-05_3524.txt,0.4014747661843887
2022-06-11_4089.txt,2023-06-05_3524.txt,0.40715653645109
2022-05-12_4178.txt,2023-06-05_3524.txt,0.3879738849390964
2022-08-18_3993.txt,2023-06-05_3524.txt,0.3874088041790876
2023-05-18_3552.txt,2023-06-05_3524.txt,0.3974415558327284
2022-05-19_4140.txt,2022-05-23_4125.txt,0.4049901302768377
2022-05-19_4138.txt,2022-05-23_4125.txt,0.3909538542160409
2022-05-12_4182.txt,2022-05-23_4125.txt,0.3829566508410978
2022-05-11_4192.txt,2022-05-23_4125.txt,0.3876561749057465
2022-05-19_4142.txt,2022-05-23_4125.txt,0.4041448270372039
2022-05-20_4134.txt,2022-05-23_4125.txt,0.3972643290779456
2022-05-23_4124.txt,2022-05-23_4125.txt,0.4182142850246337
2022-05-13_4175.txt,2023-05-07_3597.txt,0.4163111454656971
2022-12-24_3836.txt,2023-05-07_3597.txt,0.3822253934446403
2022-06-11_4091.txt,2023-05-07_3597.txt,0.3893882988277557
2022-11-05_3887.txt,2023-05-07_3597.txt,0.3877396329521543
2022-05-19_4140.txt,2022-12-06_3854.txt,0.3900488860559253
2022-05-19_4138.txt,2022-12-06_3854.txt,0.381229965759616
2022-05-13_4175.txt,2022-12-06_3854.txt,0.4056599144069981
2022-05-16_4156.txt,2022-12-06_3854.txt,0.4042586066049761
2022-07-04_4066.txt,2022-12-06_3854.txt,0.4006303111860236
2022-08-18_3995.txt,2022-12-06_3854.txt,0.3944082994184622
2022-09-05_3959.txt,2022-12-06_3854.txt,0.3839478929314994
2022-05-18_4149.txt,2022-12-06_3854.txt,0.4099221340316445
2022-06-11_4089.txt,2022-12-06_3854.txt,0.3997343357766978
2022-08-05_4034.txt,2022-12-06_3854.txt,0.4065120567155345
2022-11-14_3877.txt,2022-12-06_3854.txt,0.4086379652154022
2022-05-27_4112.txt,2022-12-06_3854.txt,0.3826209556654561
2022-05-23_4126.txt,2022-08-05_4034.txt,0.3961756808086281
2022-05-19_4140.txt,2022-08-05_4034.txt,0.3967732806489928
2022-07-26_4042.txt,2022-08-05_4034.txt,0.4165410121608924
2022-05-13_4175.txt,2022-08-05_4034.txt,0.381088503566215
2022-05-12_4182.txt,2022-08-05_4034.txt,0.3884671649044507
2022-05-20_4137.txt,2022-08-05_4034.txt,0.3968152335010799
2022-05-18_4149.txt,2022-08-05_4034.txt,0.4148371409072725
2022-07-13_4052.txt,2022-08-05_4034.txt,0.3883200186120534
2022-06-11_4089.txt,2022-08-05_4034.txt,0.4179323317737957
2022-05-13_4175.txt,2022-05-15_4161.txt,0.4059019150006067
2022-07-13_4054.txt,2022-07-15_4050.txt,0.3838472089978861
2022-05-13_4175.txt,2022-07-02_4070.txt,0.3961320816263979
2022-05-13_4176.txt,2022-07-02_4070.txt,0.3827236570577775
2022-05-23_4126.txt,2022-09-07_3952.txt,0.3938986990888
2022-08-18_3993.txt,2022-09-07_3952.txt,0.3869822416453202
2022-05-23_4124.txt,2022-09-07_3952.txt,0.3803036204441202
2022-05-13_4175.txt,2022-07-04_4067.txt,0.3934386586950198
2022-05-12_4182.txt,2022-07-04_4067.txt,0.4079378558142527
2022-05-26_4118.txt,2022-07-04_4067.txt,0.3917512749697627
2022-05-13_4175.txt,2022-05-26_4116.txt,0.4007982219568292
2022-05-11_4192.txt,2022-05-26_4116.txt,0.3973953136847863
2022-08-18_3995.txt,2023-05-10_3586.txt,0.4102547375016955
2022-09-05_3964.txt,2023-05-10_3586.txt,0.3806766245930013
2022-09-05_3959.txt,2022-10-09_3918.txt,0.3915785483172615
2022-06-11_4089.txt,2022-10-09_3918.txt,0.393046116048207
2022-05-19_4142.txt,2022-10-09_3918.txt,0.4071149272609367
2022-05-23_4126.txt,2022-08-18_3990.txt,0.4008360869762702
2022-05-19_4140.txt,2022-08-18_3990.txt,0.3837594741826228
2022-05-26_4116.txt,2022-08-18_3990.txt,0.3922017269286662
2022-05-13_4175.txt,2022-08-18_3990.txt,0.4028872189620392
2022-05-20_4137.txt,2022-08-18_3990.txt,0.390821742342862
2022-05-13_4170.txt,2022-08-18_3990.txt,0.3888517503628148
2022-06-08_4096.txt,2022-08-18_3990.txt,0.4184293578349281
2022-05-26_4118.txt,2022-08-18_3990.txt,0.3989273695200589
2022-06-11_4091.txt,2022-08-18_3990.txt,0.3915007456945683
2021-10-07_4357.txt,2023-01-03_3816.txt,0.4180961839982697
2022-11-01_3895.txt,2023-01-09_3800.txt,0.4191952803000854
2022-11-01_3895.txt,2022-12-22_3840.txt,0.408286438841666
2022-11-01_3895.txt,2022-11-17_3875.txt,0.3839401850838074
2022-12-22_3840.txt,2022-12-29_3829.txt,0.4129350442014859
2022-09-20_3942.txt,2023-05-09_3590.txt,0.4071861712424121
2023-10-18_3034.txt,2023-11-24_2110.txt,0.4134352602702578
2022-05-15_4157.txt,2022-09-23_3937.txt,0.3982811215088974
2022-04-21_4229.txt,2022-04-21_4232.txt,0.3900047012335278
2022-04-17_4240.txt,2022-04-22_4225.txt,0.4154148106848286
2021-10-07_4357.txt,2022-05-29_4110.txt,0.3818257637701621
2023-01-03_3816.txt,2023-04-05_3653.txt,0.3850615272521712
2023-01-04_3813.txt,2023-04-05_3653.txt,0.3833066667190054
2022-05-29_4110.txt,2023-04-05_3653.txt,0.3908514783005342
2023-04-05_3652.txt,2023-04-05_3653.txt,0.3972949033936832
2023-04-01_3664.txt,2023-04-05_3653.txt,0.4196379266270791
2022-04-30_4211.txt,2023-04-05_3653.txt,0.3991573320299965
2022-04-15_4241.txt,2023-04-05_3653.txt,0.3895060656319285
2023-04-05_3653.txt,2023-04-12_3627.txt,0.4139715348755154
2022-04-15_4242.txt,2023-04-12_3627.txt,0.3834205192291919
2023-01-04_3813.txt,2023-04-12_3627.txt,0.4172938071533765
2023-04-05_3651.txt,2023-04-12_3627.txt,0.3894864611312196
2021-07-18_4446.txt,2023-04-12_3627.txt,0.4021140232978739
2022-09-26_3931.txt,2023-04-12_3627.txt,0.3828268535977944
2022-05-26_4120.txt,2023-04-12_3627.txt,0.3882634954837323
2023-01-03_3816.txt,2023-01-17_3791.txt,0.385331467672262
2022-04-22_4227.txt,2023-01-17_3791.txt,0.3958099205907239
2022-04-22_4225.txt,2023-01-17_3791.txt,0.4088862543706475
2022-05-29_4110.txt,2023-01-17_3791.txt,0.3993017535194232
2022-04-17_4240.txt,2023-04-19_3619.txt,0.409074389304149
2023-01-04_3813.txt,2023-04-19_3619.txt,0.400100746959018
2023-04-05_3651.txt,2023-04-19_3619.txt,0.3884978588425112
2021-07-18_4446.txt,2023-04-19_3619.txt,0.3986999950096424
2022-04-29_4216.txt,2023-04-19_3619.txt,0.4152597032441905
2022-09-26_3931.txt,2023-04-19_3619.txt,0.406065875761766
2023-04-12_3627.txt,2023-04-19_3619.txt,0.3920996677146025
2022-04-22_4225.txt,2023-04-19_3619.txt,0.4141816023339643
2022-04-29_4212.txt,2023-04-19_3619.txt,0.4190614896049791
2021-05-23_4605.txt,2023-04-19_3619.txt,0.391278240452309
2023-01-03_3816.txt,2023-04-03_3657.txt,0.4145854470890975
2022-05-22_4127.txt,2023-04-03_3657.txt,0.3940747570970576
2022-04-29_4216.txt,2023-04-03_3657.txt,0.4046368752125821
2022-04-22_4225.txt,2023-04-03_3657.txt,0.3971253760435706
2022-04-21_4229.txt,2023-04-03_3657.txt,0.3964298810277065
2023-04-01_3664.txt,2023-04-03_3657.txt,0.4053919122929954
2021-05-23_4605.txt,2023-04-03_3657.txt,0.3848332683194631
2022-04-15_4244.txt,2023-04-01_3664.txt,0.4194269404478966
2022-04-15_4242.txt,2023-04-01_3664.txt,0.3969049570652362
2021-10-07_4357.txt,2023-04-01_3664.txt,0.3885415002237811
2021-05-23_4604.txt,2023-04-01_3664.txt,0.4112214831567897
2022-04-29_4216.txt,2023-04-01_3664.txt,0.3971998387058797
2023-01-17_3791.txt,2023-04-01_3664.txt,0.4105440958113341
2022-04-22_4225.txt,2023-04-01_3664.txt,0.388249968972357
2022-05-05_4206.txt,2023-04-01_3664.txt,0.4127593935413047
2023-04-01_3664.txt,2023-04-05_3656.txt,0.3880396770772542
2023-05-11_3580.txt,2023-06-14_3511.txt,0.3927501515929636
2024-01-11_1443.txt,2024-03-28_235.txt,0.4062263731242777
2023-11-16_2291.txt,2024-03-28_235.txt,0.4035318356351642
2023-11-29_2021.txt,2024-03-28_235.txt,0.4049815110798806
2024-01-28_1246.txt,2024-03-28_235.txt,0.3900296916540837
2024-01-12_1425.txt,2024-03-28_235.txt,0.3867399327617196
2024-01-15_1389.txt,2024-02-28_915.txt,0.3990582440387291
2024-01-26_1266.txt,2024-04-16_21.txt,0.4057734477078807
2024-01-15_1389.txt,2024-04-16_21.txt,0.411919635868472
2024-02-01_1208.txt,2024-02-08_1147.txt,0.4037421494173925
2024-01-15_1389.txt,2024-02-08_1147.txt,0.4128439791359843
2024-01-11_1438.txt,2024-02-08_1147.txt,0.3990891834162497
2024-01-24_1290.txt,2024-02-13_1097.txt,0.3835331826214478
2024-01-02_1526.txt,2024-02-13_1097.txt,0.3820970403820666
2024-01-26_1266.txt,2024-02-13_1097.txt,0.4095973848745955
2024-02-19_1032.txt,2024-02-21_992.txt,0.3979479429064038
2023-11-08_2486.txt,2024-02-21_992.txt,0.3885530373950852
2024-02-21_992.txt,2024-03-05_852.txt,0.4100615319467386
2024-03-01_897.txt,2024-03-05_852.txt,0.3922682895071659
2023-11-08_2486.txt,2024-03-05_852.txt,0.3861382340067026
2021-10-05_4359.txt,2022-03-10_4267.txt,0.3854801131882182
2022-08-16_3997.txt,2022-09-25_3932.txt,0.3895803853853415
2022-08-29_3978.txt,2022-09-25_3932.txt,0.4128277338966182
2021-12-03_4310.txt,2022-09-25_3932.txt,0.4168074880123567
2022-08-31_3976.txt,2022-09-25_3932.txt,0.419499974104217
2022-08-22_3984.txt,2022-09-25_3932.txt,0.3808714921167471
2021-12-05_4307.txt,2022-09-25_3932.txt,0.3940076514083831
2021-12-03_4310.txt,2022-05-14_4163.txt,0.3868806606971963
2021-12-05_4307.txt,2022-05-14_4163.txt,0.413467350817516
2021-09-24_4368.txt,2022-05-14_4163.txt,0.3836773670166999
2022-08-06_4030.txt,2022-08-08_4017.txt,0.4179135589333322
2022-05-26_4117.txt,2023-05-11_3577.txt,0.3875742037418722
2022-12-06_3857.txt,2023-05-11_3582.txt,0.3988284381922209
2021-06-03_4538.txt,2023-11-02_2644.txt,0.3921140325331279
2021-12-03_4309.txt,2023-11-16_2293.txt,0.4103459196579709
2023-10-17_3066.txt,2023-10-30_2728.txt,0.3826520472241279
2024-01-15_1389.txt,2024-01-26_1266.txt,0.384338541683187
2024-01-12_1425.txt,2024-01-26_1266.txt,0.3812055920980224
2024-01-26_1262.txt,2024-01-26_1266.txt,0.3847539473164915
2024-01-25_1281.txt,2024-02-01_1208.txt,0.4144581224996873
2024-01-11_1438.txt,2024-02-01_1208.txt,0.4041415243788508
2023-02-19_3728.txt,2024-02-01_1208.txt,0.4002361636442453
2024-01-12_1419.txt,2024-02-01_1208.txt,0.3854464196998423
2023-11-16_2291.txt,2024-02-01_1208.txt,0.4195111074128552
2024-01-02_1526.txt,2024-01-12_1420.txt,0.4158593433803609
2023-12-29_1561.txt,2024-01-12_1420.txt,0.4005182438762116
2024-01-11_1438.txt,2024-01-12_1425.txt,0.3901151224225857
2024-01-02_1526.txt,2024-01-12_1419.txt,0.4135572873407631
2023-12-29_1561.txt,2024-01-12_1419.txt,0.4036653909326052
2024-01-11_1438.txt,2024-01-12_1419.txt,0.381514208686023
2024-01-02_1526.txt,2024-01-14_1406.txt,0.3829485840483675
2023-12-29_1561.txt,2024-01-16_1380.txt,0.3989345759351185
2024-01-12_1420.txt,2024-01-16_1380.txt,0.3988542989450338
2024-01-11_1438.txt,2024-01-16_1380.txt,0.392752999372675
2024-01-14_1406.txt,2024-01-16_1380.txt,0.3884845416106698
2024-01-16_1380.txt,2024-01-25_1281.txt,0.3837697501218075
2023-12-29_1561.txt,2024-01-25_1281.txt,0.4166109684456811
2024-01-12_1420.txt,2024-01-25_1281.txt,0.4180983938191157
2024-01-09_1460.txt,2024-01-25_1281.txt,0.4059095575130547
2024-01-11_1436.txt,2024-02-16_1057.txt,0.4198992159461401
2024-01-26_1266.txt,2024-02-16_1057.txt,0.3926003121196048
2024-01-25_1281.txt,2024-02-16_1057.txt,0.4094209724393632
2024-01-11_1436.txt,2024-01-11_1443.txt,0.4077498090191985
2024-01-11_1436.txt,2024-01-24_1290.txt,0.3999050379395108
2024-01-02_1526.txt,2024-01-24_1290.txt,0.4026548791151131
2023-12-29_1561.txt,2024-01-24_1290.txt,0.3840525831637378
2024-01-12_1420.txt,2024-01-24_1290.txt,0.3818191800535933
2024-01-11_1443.txt,2024-01-24_1290.txt,0.3859471836706464
2024-01-12_1419.txt,2024-01-24_1290.txt,0.3813579313659961
2024-01-11_1436.txt,2024-03-28_236.txt,0.3843358505992896
2024-01-11_1438.txt,2024-03-28_236.txt,0.3925870880776885
2024-01-02_1526.txt,2024-01-26_1262.txt,0.388816900253548
2024-01-09_1463.txt,2024-01-26_1262.txt,0.3914989916468034
2022-04-29_4216.txt,2023-04-12_3628.txt,0.3987301476506498
2022-04-18_4235.txt,2023-04-12_3628.txt,0.4105708562819822
2023-01-06_3806.txt,2023-04-12_3628.txt,0.3813514244980569
2022-04-22_4225.txt,2023-04-12_3628.txt,0.3803914484683284
2023-04-06_3650.txt,2023-04-12_3628.txt,0.3920044079936752
2023-04-01_3664.txt,2023-04-12_3628.txt,0.3968819285462309
2021-07-19_4445.txt,2023-04-12_3628.txt,0.4182831505499748
2023-04-19_3619.txt,2023-09-17_3333.txt,0.3801263901437622
2022-04-22_4227.txt,2023-09-17_3333.txt,0.3950184461377194
2022-04-18_4235.txt,2023-09-17_3333.txt,0.3998537524480936
2023-04-01_3664.txt,2023-09-17_3333.txt,0.4057640389944336
2021-05-23_4604.txt,2024-03-15_347.txt,0.3999772455490742
2023-01-04_3813.txt,2024-03-15_347.txt,0.3936423365510098
2023-04-11_3634.txt,2024-03-15_347.txt,0.4024517297131304
2022-09-26_3931.txt,2024-03-15_347.txt,0.4112900336375608
2022-04-18_4235.txt,2024-03-15_347.txt,0.405239857592458
2021-05-23_4604.txt,2023-04-05_3651.txt,0.3944383214646155
2022-04-22_4227.txt,2023-04-05_3651.txt,0.3849187480425898
2022-04-18_4235.txt,2023-04-05_3651.txt,0.4153991356497812
2023-04-01_3664.txt,2023-04-05_3651.txt,0.3960468549868309
2022-04-22_4225.txt,2022-09-26_3931.txt,0.3867005600208419
2021-05-23_4604.txt,2022-04-22_4227.txt,0.3953656263230536
2022-04-18_4235.txt,2022-04-22_4227.txt,0.3827955790327056
2022-04-22_4225.txt,2022-04-22_4227.txt,0.412737319090497
2022-04-15_4242.txt,2022-04-29_4216.txt,0.3865280822408963
2021-10-07_4357.txt,2022-04-29_4216.txt,0.4078149966774113
2021-05-23_4604.txt,2022-04-29_4216.txt,0.4060269517078026
2022-04-17_4240.txt,2022-04-29_4216.txt,0.4086314226491703
2023-04-03_3657.txt,2023-04-06_3650.txt,0.4039229952858566
2023-04-05_3653.txt,2023-04-06_3650.txt,0.3829154950648199
2022-04-15_4242.txt,2023-04-06_3650.txt,0.3950146466474108
2021-10-07_4357.txt,2023-04-06_3650.txt,0.3972186369059072
2021-05-23_4604.txt,2023-04-06_3650.txt,0.3928681568941516
2023-04-05_3651.txt,2023-04-06_3650.txt,0.3966341890767177
2023-01-17_3791.txt,2023-04-06_3650.txt,0.3824942560198262
2023-04-03_3657.txt,2023-04-11_3634.txt,0.381650511048094
2021-10-07_4357.txt,2022-04-21_4229.txt,0.3910243549454936
2021-05-23_4604.txt,2022-04-21_4229.txt,0.3881285026983165
2023-04-03_3657.txt,2024-04-09_88.txt,0.4106504995607726
2023-04-05_3653.txt,2024-04-09_88.txt,0.3865095371262705
2022-04-22_4227.txt,2024-04-09_88.txt,0.4083419304707189
2023-04-05_3656.txt,2024-04-09_88.txt,0.4037513492484203
2024-03-15_347.txt,2024-04-09_88.txt,0.4122793235190338
2022-04-21_4229.txt,2022-04-24_4223.txt,0.3812521028435044
2023-04-03_3657.txt,2023-04-05_3652.txt,0.395579816204457
2021-05-23_4604.txt,2023-04-05_3652.txt,0.3959361822389037
2023-04-05_3653.txt,2023-05-21_3549.txt,0.3857638975328804
2021-10-07_4357.txt,2023-05-21_3549.txt,0.3816926610708026
2022-05-22_4127.txt,2023-05-21_3549.txt,0.402141554050016
2023-04-19_3619.txt,2023-05-21_3549.txt,0.3868656081958371
2023-04-12_3627.txt,2023-05-21_3549.txt,0.3975398126984618
2023-01-06_3806.txt,2023-05-21_3549.txt,0.4018835268056041
2022-05-26_4120.txt,2023-05-21_3549.txt,0.3882944470674068
2022-04-15_4242.txt,2022-04-29_4212.txt,0.4162538222571041
2022-04-20_4233.txt,2022-04-30_4211.txt,0.4101182379744977
2022-04-20_4233.txt,2023-07-27_3399.txt,0.4057315631492463
2023-04-12_3628.txt,2023-07-27_3399.txt,0.3991060860967086
2023-04-11_3634.txt,2023-07-27_3399.txt,0.3837966494803589
2022-04-20_4233.txt,2022-05-22_4127.txt,0.3947786019842733
2022-04-20_4233.txt,2022-05-27_4113.txt,0.3916276763411463
2022-04-20_4233.txt,2024-03-10_397.txt,0.391571644355226
2023-04-05_3653.txt,2024-03-10_397.txt,0.4096100368237961
2022-04-22_4227.txt,2024-03-10_397.txt,0.3902717005407548
2023-04-05_3656.txt,2024-03-10_397.txt,0.4072912057279111
2022-04-20_4233.txt,2022-04-22_4228.txt,0.3893310018040312
2022-04-20_4233.txt,2023-04-14_3624.txt,0.3811485837858172
2022-04-29_4212.txt,2023-04-14_3624.txt,0.3802849640740965
2023-05-18_3551.txt,2023-05-18_3553.txt,0.4192839838793536
2022-05-29_4110.txt,2023-05-18_3553.txt,0.4014800023137325
2023-04-12_3628.txt,2023-05-18_3555.txt,0.3974120976993655
2023-05-18_3551.txt,2023-05-18_3555.txt,0.3905566101526091
2022-04-21_4229.txt,2022-04-21_4231.txt,0.384379616243566
2023-11-20_2210.txt,2024-03-11_388.txt,0.3992187901964003
2024-03-05_850.txt,2024-03-11_388.txt,0.3972852955498908
2024-02-16_1064.txt,2024-03-11_388.txt,0.3912789631490939
2023-11-20_2210.txt,2024-02-28_920.txt,0.3888589756648725
2023-10-19_2992.txt,2023-10-24_2891.txt,0.3999322692168096
2024-02-28_920.txt,2024-03-05_850.txt,0.4180701120814078
2023-10-20_2972.txt,2024-03-05_850.txt,0.4048654672333731
2024-02-14_1090.txt,2024-03-05_850.txt,0.4100584611130958
2023-11-20_2210.txt,2024-03-05_850.txt,0.3811832592380089
2023-10-20_2972.txt,2024-02-16_1064.txt,0.386883131453294
2023-10-15_3118.txt,2024-02-10_1138.txt,0.4059683301781591
2023-10-15_3118.txt,2023-11-16_2292.txt,0.4057083891323797
2023-10-15_3118.txt,2024-01-09_1464.txt,0.3980402400873391
2023-10-15_3118.txt,2023-11-30_2003.txt,0.3928003586269792
2023-10-15_3118.txt,2024-02-14_1090.txt,0.3881954386977506
2023-11-20_2210.txt,2024-02-14_1090.txt,0.4119329437149374
2023-11-11_2409.txt,2024-02-14_1090.txt,0.4100948962070052
2024-01-10_1452.txt,2024-02-14_1090.txt,0.4145528475401873
2023-10-25_2872.txt,2024-02-14_1090.txt,0.3999817321544639
2024-02-19_1028.txt,2024-02-23_974.txt,0.3833559964909396
2023-11-19_2235.txt,2024-02-23_974.txt,0.4154996802556653
2023-11-20_2210.txt,2024-02-23_974.txt,0.3889850009675547
2024-01-10_1452.txt,2024-02-23_974.txt,0.3809369036130462
2023-12-24_1629.txt,2024-01-04_1510.txt,0.4134368570285803
2021-11-18_4319.txt,2024-04-07_108.txt,0.3855177779366697
2023-05-24_3544.txt,2024-04-07_108.txt,0.4089355956486357
2022-05-11_4187.txt,2022-05-13_4171.txt,0.419165810096278
2022-05-11_4191.txt,2022-05-13_4171.txt,0.3899924625922186
2022-05-11_4189.txt,2022-05-13_4171.txt,0.3940054247301531
2022-05-13_4169.txt,2022-05-13_4171.txt,0.4074955659637717
2022-05-12_4178.txt,2022-05-13_4170.txt,0.3847217390295707
2022-05-11_4189.txt,2022-05-13_4170.txt,0.4158487494993573
2022-05-11_4195.txt,2022-05-13_4170.txt,0.4096832050475996
2022-05-11_4188.txt,2022-05-13_4170.txt,0.3856010001906749
2022-05-12_4182.txt,2022-05-13_4168.txt,0.3954835153471209
2022-05-12_4178.txt,2022-05-13_4168.txt,0.3871750107522623
2022-05-11_4189.txt,2022-05-13_4168.txt,0.3809644363260714
2022-05-12_4183.txt,2022-05-13_4168.txt,0.3956844000310681
2023-01-03_3816.txt,2023-05-29_3536.txt,0.3973167919654817
2023-05-18_3555.txt,2023-05-29_3536.txt,0.4012295416910714
2021-05-26_4577.txt,2022-01-05_4293.txt,0.4052890794462377
2021-08-02_4429.txt,2022-12-30_3822.txt,0.3813299060068956
2021-05-29_4560.txt,2022-12-30_3822.txt,0.3812908703642436
2022-05-11_4189.txt,2022-05-11_4195.txt,0.4029302160585112
2022-05-11_4190.txt,2022-05-12_4182.txt,0.3932854354806162
2021-06-05_4528.txt,2022-05-11_4194.txt,0.4102959082406859
2022-05-11_4186.txt,2022-05-13_4166.txt,0.3950873173101353
2022-06-23_4076.txt,2023-05-03_3604.txt,0.3946621022633412
2023-05-03_3604.txt,2023-06-28_3475.txt,0.3886012158437043
2022-07-15_4049.txt,2023-11-02_2633.txt,0.411993850089201
2022-07-15_4049.txt,2023-09-20_3330.txt,0.4057296670533689
2022-07-13_4053.txt,2023-09-20_3330.txt,0.4172440010238668
2022-07-18_4047.txt,2023-09-20_3330.txt,0.39915337749876
2022-07-15_4049.txt,2023-08-09_3384.txt,0.3914819497221649
2023-05-03_3604.txt,2023-08-12_3380.txt,0.385889769737994
2023-08-02_3391.txt,2023-09-22_3326.txt,0.4032738313366605
2022-06-23_4076.txt,2023-09-22_3326.txt,0.4062801149063986
2022-06-23_4076.txt,2023-10-21_2953.txt,0.4198612787357598
2023-09-21_3328.txt,2023-10-21_2953.txt,0.3822901690610816
2022-06-23_4076.txt,2023-09-20_3331.txt,0.3943997764428211
2022-12-12_3848.txt,2022-12-22_3838.txt,0.4148640980583551
2023-10-07_3303.txt,2024-01-03_1516.txt,0.3924400460771757
2024-01-03_1513.txt,2024-01-03_1521.txt,0.3904052262787844
2024-01-03_1517.txt,2024-01-03_1521.txt,0.4141126449714555
2024-01-03_1514.txt,2024-01-04_1508.txt,0.4157551973763062
2024-01-03_1516.txt,2024-01-04_1508.txt,0.3997095291412749
2024-01-03_1521.txt,2024-01-04_1508.txt,0.3837691485311537
2024-01-03_1514.txt,2024-01-05_1493.txt,0.3855595198416566
2024-01-04_1506.txt,2024-01-05_1493.txt,0.4188174614212829
2024-01-03_1521.txt,2024-01-04_1502.txt,0.3911227642079873
2024-01-02_1525.txt,2024-01-03_1517.txt,0.387866068813659
2022-12-26_3834.txt,2023-04-01_3665.txt,0.4063400257375302
2022-12-10_3850.txt,2023-04-01_3665.txt,0.3969551800487962
2022-05-14_4163.txt,2022-08-16_3997.txt,0.4147189739126707
2021-10-20_4342.txt,2022-08-31_3976.txt,0.4078440761369367
2022-08-22_3984.txt,2022-08-31_3976.txt,0.4031271502964642
2022-08-16_3997.txt,2022-08-29_3978.txt,0.3830510811551719
2021-09-14_4380.txt,2022-08-29_3978.txt,0.3816849211856315
2022-05-14_4163.txt,2022-08-22_3984.txt,0.4140226657443068
2022-08-16_3997.txt,2022-09-29_3929.txt,0.3859772046135532
2021-09-14_4380.txt,2022-09-29_3929.txt,0.4034203101773886
2022-08-22_3984.txt,2022-09-29_3929.txt,0.3806440299971113
2021-12-05_4307.txt,2022-09-29_3929.txt,0.4124962659796029
2021-12-03_4310.txt,2023-05-02_3608.txt,0.3845322397494836
2022-05-14_4163.txt,2023-05-02_3611.txt,0.4171672632915911
2022-03-10_4267.txt,2023-05-02_3611.txt,0.3928702681077728
2022-05-02_4208.txt,2022-08-15_4000.txt,0.4162355718734914
2023-12-16_1717.txt,2024-02-20_1007.txt,0.4059933202312017
2023-12-16_1727.txt,2024-02-20_1007.txt,0.3811156114263568
2023-12-16_1717.txt,2023-12-31_1547.txt,0.4145047555602873
2023-12-15_1744.txt,2023-12-31_1547.txt,0.3893432474621038
2023-12-11_1821.txt,2023-12-13_1781.txt,0.4007913651475657
2022-12-12_3849.txt,2024-04-17_7.txt,0.4185115800162432
2022-06-07_4099.txt,2024-04-17_7.txt,0.3899367938496653
2023-12-10_1835.txt,2024-04-17_15.txt,0.3878492916615075
2024-01-19_1341.txt,2024-04-17_15.txt,0.3990075073800913
2022-07-20_4045.txt,2022-07-30_4037.txt,0.3983170053032136
2022-07-28_4039.txt,2022-07-30_4037.txt,0.3921450089894017
2022-07-20_4045.txt,2024-03-11_383.txt,0.4047535822041934
2022-07-30_4037.txt,2024-03-11_383.txt,0.4177398624977433
2022-07-30_4037.txt,2022-08-03_4035.txt,0.401881158363921
2022-07-28_4039.txt,2022-08-03_4035.txt,0.3993955985466655
2023-12-15_1738.txt,2024-01-17_1369.txt,0.3939513389629473
2023-10-25_2850.txt,2024-01-07_1476.txt,0.4190405600471854
2021-06-06_4527.txt,2021-08-02_4429.txt,0.3989572517557838
2021-05-26_4577.txt,2021-08-02_4429.txt,0.4056874816796557
2021-09-15_4376.txt,2022-02-13_4275.txt,0.382842523948517
2021-05-05_9037.txt,2021-06-10_4512.txt,0.4120589591077135
2021-06-06_4527.txt,2021-06-10_4512.txt,0.3834428873530328
2021-09-24_4368.txt,2021-10-25_4338.txt,0.3896953619915368
2021-09-14_4380.txt,2021-12-03_4310.txt,0.3927988665989309
2021-09-14_4380.txt,2021-12-05_4307.txt,0.3820002073423503
2021-12-03_4310.txt,2021-12-05_4307.txt,0.4182117566936852
2023-10-26_2843.txt,2023-12-08_1860.txt,0.3832872655734581
2023-10-13_3153.txt,2023-11-23_2142.txt,0.4191022209534817
2023-11-09_2461.txt,2023-11-13_2361.txt,0.3978338345273249
2023-12-27_1588.txt,2024-01-20_1336.txt,0.415050031221834
2023-12-19_1691.txt,2024-01-20_1336.txt,0.3915681814539397
2023-12-16_1727.txt,2024-01-20_1336.txt,0.3951823190536896
2024-01-06_1489.txt,2024-01-31_1222.txt,0.3978508976849248
2023-12-27_1588.txt,2024-01-31_1222.txt,0.4199226178808924
2023-12-25_1617.txt,2024-01-31_1222.txt,0.4010841492884707
2023-12-18_1697.txt,2024-01-31_1222.txt,0.3901148926365899
2024-01-15_1387.txt,2024-01-31_1222.txt,0.3932350964980404
2024-01-27_1255.txt,2024-01-31_1222.txt,0.3893496822543875
2024-01-16_1374.txt,2024-01-31_1222.txt,0.4003428215922438
2024-01-12_1418.txt,2024-01-13_1411.txt,0.3998137396996089
2024-01-12_1427.txt,2024-01-13_1411.txt,0.4153309339937833
2023-12-13_1779.txt,2024-01-13_1411.txt,0.3902566438279803
2023-12-16_1727.txt,2024-01-13_1411.txt,0.3981836446264693
2024-01-11_1446.txt,2024-01-13_1411.txt,0.406513289432335
2023-12-23_1639.txt,2024-01-13_1411.txt,0.3965245513682222
2024-01-03_1511.txt,2024-01-13_1411.txt,0.3914210575759313
2023-12-21_1662.txt,2024-01-13_1411.txt,0.3849075733626824
2023-12-31_1547.txt,2024-01-15_1387.txt,0.3929985975559139
2023-12-20_1674.txt,2024-01-15_1387.txt,0.4061664487143748
2023-12-15_1744.txt,2024-01-15_1387.txt,0.3816234444341048
2023-12-18_1697.txt,2024-01-15_1387.txt,0.4139263001530749
2023-12-20_1678.txt,2024-01-15_1387.txt,0.4073447024138618
2024-01-01_1538.txt,2024-01-15_1387.txt,0.4181064186319096
2023-12-19_1691.txt,2024-01-15_1387.txt,0.3850884342241162
2023-12-04_1936.txt,2024-01-15_1387.txt,0.4137081976536
2024-01-12_1426.txt,2024-01-15_1387.txt,0.4121030072262452
2023-12-16_1727.txt,2024-01-15_1387.txt,0.3859897453857336
2023-12-19_1685.txt,2024-01-15_1387.txt,0.3811369542528114
2024-01-03_1511.txt,2024-01-15_1387.txt,0.3875495753164541
2024-01-31_1222.txt,2024-02-24_966.txt,0.3976962890112287
2024-01-06_1489.txt,2024-03-06_839.txt,0.4078246919442545
2024-01-12_1427.txt,2024-03-06_839.txt,0.3905358607767772
2023-12-27_1588.txt,2024-03-06_839.txt,0.3876128087274366
2023-12-16_1717.txt,2024-03-06_839.txt,0.4053695808994307
2023-12-20_1678.txt,2024-03-06_839.txt,0.3862188702092908
2024-01-31_1222.txt,2024-03-06_839.txt,0.383333350256016
2023-12-25_1617.txt,2024-01-12_1427.txt,0.3840055706183093
2023-12-15_1744.txt,2024-01-12_1427.txt,0.3931115684319919
2023-12-18_1697.txt,2024-01-12_1427.txt,0.3801428738235243
2023-12-20_1678.txt,2024-01-12_1427.txt,0.4011821716097786
2024-01-01_1535.txt,2024-01-12_1427.txt,0.407177744098454
2024-01-11_1446.txt,2024-01-12_1427.txt,0.3938824171332498
2024-01-12_1422.txt,2024-01-12_1427.txt,0.3844602822076078
2024-01-06_1489.txt,2024-01-16_1374.txt,0.4140924819031231
2024-01-12_1427.txt,2024-01-16_1374.txt,0.3834289110555777
2023-12-31_1547.txt,2024-01-16_1374.txt,0.3800620057338768
2023-12-27_1588.txt,2024-01-16_1374.txt,0.4170817497481864
2023-12-25_1617.txt,2024-01-16_1374.txt,0.3917318805622132
2023-12-18_1697.txt,2024-01-16_1374.txt,0.4108871029054777
2024-01-15_1387.txt,2024-01-16_1374.txt,0.408952939379093
2024-01-01_1538.txt,2024-01-16_1374.txt,0.4147465653068121
2023-11-21_2184.txt,2024-01-11_1436.txt,0.3804429193830925
2023-12-29_1561.txt,2024-01-09_1460.txt,0.38618492434336
2021-05-23_4605.txt,2022-04-20_4233.txt,0.3836374338317754
2021-10-07_4357.txt,2022-04-17_4240.txt,0.4137927822207566
2021-05-23_4604.txt,2022-04-17_4240.txt,0.3993048078230821
2022-04-15_4244.txt,2022-04-18_4235.txt,0.3918482158708981
2021-05-23_4604.txt,2022-04-18_4235.txt,0.3841333919283242
2022-04-17_4240.txt,2022-04-18_4235.txt,0.3915019467295753
2021-05-23_4604.txt,2021-10-07_4357.txt,0.4169166982544368
2021-07-18_4446.txt,2021-10-07_4357.txt,0.410130185713577
2021-05-23_4605.txt,2021-10-07_4357.txt,0.3857045809443939
2021-05-23_4604.txt,2021-07-18_4446.txt,0.409678514510147
2022-05-22_4127.txt,2023-05-18_3554.txt,0.3970798963949507
2023-05-18_3553.txt,2023-05-18_3554.txt,0.3984202571124334
2023-05-17_3558.txt,2023-05-18_3551.txt,0.3813700171239689
2024-01-20_1336.txt,2024-01-27_1255.txt,0.3962274050505832
2024-01-13_1411.txt,2024-01-22_1307.txt,0.391057962930364
2024-01-20_1336.txt,2024-01-22_1307.txt,0.3800727802071857
2024-01-13_1411.txt,2024-02-24_963.txt,0.3849787576421077
2024-01-06_1489.txt,2024-02-24_963.txt,0.4135531954061806
2024-01-12_1427.txt,2024-02-24_963.txt,0.4106546214562636
2024-01-05_1494.txt,2024-02-24_963.txt,0.4191082198934369
2023-12-20_1678.txt,2024-02-24_963.txt,0.3830574457588062
2023-12-04_1936.txt,2024-02-24_963.txt,0.385963770170839
2024-01-01_1535.txt,2024-02-24_963.txt,0.4047566647104939
2024-02-01_1213.txt,2024-02-24_963.txt,0.4053535589935477
2024-02-06_1169.txt,2024-02-24_963.txt,0.3928619271388676
2024-01-03_1511.txt,2024-02-24_963.txt,0.3840673119923032
2024-01-13_1411.txt,2024-01-28_1242.txt,0.3817753133071619
2024-02-06_1169.txt,2024-02-22_981.txt,0.385843829339846
2024-01-25_1280.txt,2024-02-22_981.txt,0.3866412791501235
2023-12-21_1662.txt,2024-02-22_981.txt,0.3807322572698811
2024-01-06_1489.txt,2024-02-06_1169.txt,0.4112379962957517
2023-12-19_1686.txt,2024-02-06_1169.txt,0.3853989192054853
2024-01-05_1494.txt,2024-02-06_1169.txt,0.4120911253987075
2023-12-27_1588.txt,2024-02-06_1169.txt,0.3883111939462986
2024-01-06_1489.txt,2024-03-07_828.txt,0.3834331289825518
2024-01-12_1427.txt,2024-03-07_828.txt,0.3998440628501077
2023-12-16_1717.txt,2024-03-07_828.txt,0.3800658663796316
2024-01-15_1387.txt,2024-03-07_828.txt,0.3903491307258267
2024-01-01_1538.txt,2024-03-07_828.txt,0.4083354802121075
2024-01-16_1374.txt,2024-03-07_828.txt,0.4029317777503592
2024-01-12_1427.txt,2024-03-02_878.txt,0.4087311231973375
2023-12-19_1685.txt,2024-02-07_1160.txt,0.4085769088641178
2024-01-12_1417.txt,2024-01-17_1362.txt,0.4152856704315232
2023-11-21_2181.txt,2024-01-17_1362.txt,0.4018512076990035
2024-01-06_1489.txt,2024-01-11_1446.txt,0.4153868633658562
2024-01-11_1434.txt,2024-01-11_1446.txt,0.3976189985415116
2024-01-06_1489.txt,2024-01-12_1426.txt,0.3882882535856889
2024-01-05_1494.txt,2024-01-12_1426.txt,0.3927624050900339
2023-12-27_1588.txt,2024-01-12_1426.txt,0.3927362062584231
2023-12-16_1717.txt,2024-01-12_1426.txt,0.4041164035191317
2023-12-16_1717.txt,2024-01-12_1418.txt,0.3904837771781851
2023-12-20_1674.txt,2024-01-12_1418.txt,0.3845406298444695
2022-12-12_3849.txt,2023-11-13_2377.txt,0.4065154738553499
2023-12-07_1881.txt,2023-12-10_1835.txt,0.4131677703976678
2024-02-22_981.txt,2024-02-22_987.txt,0.4139629269031871
2024-02-01_1213.txt,2024-02-22_987.txt,0.383215017439716
2023-12-13_1783.txt,2024-02-19_1025.txt,0.4190556247821057
2023-12-13_1783.txt,2024-02-17_1054.txt,0.4027916789665605
2023-12-18_1697.txt,2024-02-17_1054.txt,0.3880473437809913
2024-01-01_1538.txt,2024-03-09_809.txt,0.3807666469230969
2024-02-01_1213.txt,2024-03-09_809.txt,0.4002754781993669
2024-02-06_1169.txt,2024-03-09_809.txt,0.3907270294496653
2024-02-25_959.txt,2024-03-09_809.txt,0.3866962855496733
2024-02-22_987.txt,2024-03-06_838.txt,0.3961757589040627
2024-02-19_1025.txt,2024-03-06_838.txt,0.3831877525585575
2022-08-02_4036.txt,2022-11-21_3873.txt,0.3876993157982657
2024-04-08_95.txt,2024-04-09_89.txt,0.4020477870265892
2022-10-09_3919.txt,2022-10-19_3907.txt,0.393875572622587
2023-11-11_2412.txt,2023-11-12_2386.txt,0.3949867117226274
2023-11-03_2605.txt,2023-11-12_2386.txt,0.4067111570643391
2023-11-10_2428.txt,2023-11-12_2386.txt,0.4003404990230644
2023-11-10_2423.txt,2023-11-19_2223.txt,0.3913233759394043
2023-11-17_2272.txt,2023-11-19_2223.txt,0.399588610334199
2023-11-10_2428.txt,2023-11-19_2223.txt,0.4174901428687452
2023-11-15_2317.txt,2023-11-19_2223.txt,0.3904440292772648
2023-11-16_2300.txt,2023-11-19_2223.txt,0.4051216090741236
2023-11-13_2378.txt,2023-11-19_2223.txt,0.4068397673180847
2023-11-06_2533.txt,2023-11-19_2223.txt,0.3942061347279283
2023-11-10_2423.txt,2023-11-25_2107.txt,0.3807586807225771
2023-11-11_2412.txt,2023-11-25_2107.txt,0.4088626282766728
2023-11-15_2327.txt,2023-11-25_2107.txt,0.394113972452181
2023-11-10_2428.txt,2023-11-25_2107.txt,0.4028170515588107
2023-11-12_2386.txt,2023-11-25_2107.txt,0.4150516851465178
2023-11-19_2225.txt,2023-11-25_2107.txt,0.419970128823218
2023-11-13_2378.txt,2023-11-25_2107.txt,0.3943064053057031
2023-11-11_2395.txt,2023-11-18_2252.txt,0.4112685876872763
2023-11-16_2297.txt,2023-11-18_2252.txt,0.3871696216478951
2023-11-15_2327.txt,2023-11-18_2252.txt,0.3897130529086569
2023-11-16_2300.txt,2023-11-18_2252.txt,0.3897219378722295
2023-11-11_2395.txt,2023-11-19_2225.txt,0.4089361639146162
2023-11-03_2605.txt,2023-11-19_2225.txt,0.4069755866851234
2023-11-12_2386.txt,2023-11-19_2225.txt,0.4164452979776523
2023-11-18_2252.txt,2023-11-19_2225.txt,0.4182182217732133
2023-11-16_2300.txt,2023-11-19_2225.txt,0.405412265271961
2023-11-11_2395.txt,2023-11-16_2297.txt,0.4050083472934783
2023-11-15_2327.txt,2023-11-16_2297.txt,0.407777071673344
2023-11-11_2405.txt,2023-11-16_2297.txt,0.4186815929325386
2023-11-03_2605.txt,2023-11-16_2297.txt,0.3804280237043493
2023-11-15_2317.txt,2023-11-16_2297.txt,0.3930728603721082
2023-11-11_2395.txt,2023-11-19_2230.txt,0.3841227742593693
2023-11-16_2297.txt,2023-11-19_2230.txt,0.3803850497972846
2023-11-11_2412.txt,2023-11-19_2230.txt,0.4059496252698258
2023-11-03_2605.txt,2023-11-19_2230.txt,0.3883607648522037
2023-11-10_2428.txt,2023-11-19_2230.txt,0.39092439173606
2023-11-18_2252.txt,2023-11-19_2230.txt,0.3880326217440042
2023-11-19_2225.txt,2023-11-19_2230.txt,0.391823100813025
2023-11-16_2300.txt,2023-11-19_2230.txt,0.4103990295934869
2023-11-06_2537.txt,2023-11-13_2378.txt,0.3863319131024094
2023-11-03_2605.txt,2023-11-13_2378.txt,0.4044692229760199
2023-11-10_2428.txt,2023-11-13_2378.txt,0.3937183486429356
2023-11-13_2366.txt,2023-11-13_2378.txt,0.4089061982358328
2023-11-13_2362.txt,2023-11-13_2378.txt,0.4006592602825902
2023-11-20_2200.txt,2023-12-15_1749.txt,0.3953283250805953
2023-11-16_2292.txt,2023-12-15_1749.txt,0.3847968938811061
2023-11-19_2223.txt,2023-11-23_2148.txt,0.4154270262479405
2023-11-03_2605.txt,2023-11-23_2148.txt,0.3864397184898546
2023-11-10_2428.txt,2023-11-23_2148.txt,0.3887228258004969
2023-11-18_2252.txt,2023-11-23_2148.txt,0.3866351521030083
2023-11-19_2225.txt,2023-11-23_2148.txt,0.4046733856447863
2023-11-16_2300.txt,2023-11-23_2148.txt,0.3858013105790594
2023-11-13_2378.txt,2023-11-23_2148.txt,0.3970902878984009
2023-11-06_2537.txt,2023-11-15_2327.txt,0.3953072779425812
2023-11-11_2412.txt,2023-11-15_2327.txt,0.3988473293268679
2023-11-11_2405.txt,2023-11-15_2327.txt,0.4137370746857682
2023-11-10_2428.txt,2023-11-15_2327.txt,0.3946144872661536
2023-11-12_2386.txt,2023-11-15_2327.txt,0.3890387498403109
2023-11-15_2317.txt,2023-11-15_2327.txt,0.4110757568188024
2023-11-13_2378.txt,2023-11-15_2327.txt,0.3940531242995963
2023-11-15_2312.txt,2023-11-15_2327.txt,0.3848438630279167
2023-11-06_2537.txt,2023-11-16_2300.txt,0.4064653598961604
2023-11-11_2412.txt,2023-11-16_2300.txt,0.3931557687440146
2023-11-19_2223.txt,2023-11-20_2200.txt,0.4006367033142524
2023-11-06_2537.txt,2023-11-20_2200.txt,0.4172661963362349
2023-11-19_2230.txt,2023-11-20_2200.txt,0.4117305482789366
2023-11-10_2423.txt,2023-11-11_2412.txt,0.3975282597132664
2023-11-10_2428.txt,2023-11-11_2412.txt,0.4077657783985469
2023-11-19_2225.txt,2024-03-18_331.txt,0.3951410989131808
2023-11-13_2378.txt,2023-11-15_2312.txt,0.3906384963075175
2023-11-10_2428.txt,2023-11-13_2366.txt,0.3817545528557183
2021-09-13_4384.txt,2021-10-03_4361.txt,0.3855230960379074
2021-10-13_4349.txt,2023-08-31_3352.txt,0.401287072261855
2021-10-11_4354.txt,2023-08-31_3352.txt,0.3951889718443839
2021-10-14_4347.txt,2023-08-31_3352.txt,0.4065107941355297
2021-10-17_4345.txt,2023-08-31_3352.txt,0.3947042616134256
2023-02-21_3724.txt,2023-04-03_3659.txt,0.405365141094437
2021-05-05_9037.txt,2021-06-02_4544.txt,0.396402648190771
2021-05-05_9037.txt,2021-05-21_4627.txt,0.3841443378230433
2021-05-05_9037.txt,2021-06-07_4519.txt,0.3823287898163562
2021-05-21_4627.txt,2021-06-07_4519.txt,0.3916859192003694
2021-05-05_9037.txt,2021-06-09_4516.txt,0.3805009901610574
2023-12-31_1547.txt,2024-01-10_1457.txt,0.4047974439964225
2023-12-31_1547.txt,2024-01-03_1511.txt,0.3974110632683925
2024-01-01_1535.txt,2024-01-03_1511.txt,0.3803370599463858
2024-01-18_1361.txt,2024-02-01_1213.txt,0.4101528768269982
2023-12-16_1717.txt,2024-01-01_1535.txt,0.3855231111750866
2023-12-25_1617.txt,2024-01-01_1535.txt,0.403681669089144
2023-12-15_1744.txt,2024-01-01_1535.txt,0.413774804751376
2023-12-18_1697.txt,2024-01-01_1535.txt,0.3807578475294689
2023-12-16_1717.txt,2024-01-05_1494.txt,0.4081734491016716
2023-12-20_1674.txt,2024-01-05_1494.txt,0.3847875401035399
2024-01-01_1538.txt,2024-01-05_1494.txt,0.4004518154142689
2023-12-19_1691.txt,2024-01-05_1494.txt,0.3872579087008642
2023-12-13_1779.txt,2024-01-06_1489.txt,0.3909656129358773
2024-01-01_1538.txt,2024-01-06_1489.txt,0.413010439040247
2024-01-01_1535.txt,2024-01-06_1489.txt,0.4019933681119712
2023-12-23_1639.txt,2024-01-06_1489.txt,0.4061575878722239
2023-10-17_3065.txt,2023-10-23_2910.txt,0.3816937430243842
2023-12-21_1654.txt,2023-12-22_1651.txt,0.4184766201930403
2023-11-06_2537.txt,2023-11-10_2428.txt,0.3981629619693388
2023-11-03_2605.txt,2023-11-10_2428.txt,0.4003221241944022
2023-11-10_2423.txt,2023-11-13_2362.txt,0.3867551788255876
2023-11-10_2428.txt,2023-11-13_2362.txt,0.3862947911916504
2023-10-29_2753.txt,2023-11-13_2362.txt,0.382118920363452
2023-11-12_2381.txt,2023-11-13_2362.txt,0.397616306144665
2024-01-31_1220.txt,2024-02-27_935.txt,0.4133568514151323
2024-02-01_1213.txt,2024-02-27_935.txt,0.3963104761210124
2024-02-06_1169.txt,2024-02-25_959.txt,0.3980293128966392
2023-12-16_1727.txt,2023-12-19_1691.txt,0.3841066194022466
2023-12-19_1686.txt,2023-12-23_1639.txt,0.4078883659008807
2023-12-19_1691.txt,2023-12-23_1639.txt,0.4109648326481133
2023-12-19_1686.txt,2023-12-25_1617.txt,0.4076395817350358
2023-12-16_1717.txt,2023-12-25_1617.txt,0.4118533549979196
2023-12-19_1691.txt,2023-12-25_1617.txt,0.3902601244176343
2023-12-19_1686.txt,2023-12-21_1662.txt,0.4036035052067986
2023-12-16_1717.txt,2023-12-20_1678.txt,0.4007636299907149
2023-12-15_1744.txt,2023-12-20_1674.txt,0.4056823866104074
2023-12-19_1685.txt,2023-12-20_1674.txt,0.4130464823126654
2023-12-16_1717.txt,2023-12-27_1588.txt,0.4098449613483314
2023-12-15_1744.txt,2023-12-27_1588.txt,0.391708045179079
2023-12-16_1727.txt,2023-12-27_1588.txt,0.3813572511756026
2024-01-27_1255.txt,2024-01-31_1220.txt,0.3858971870814344
2022-09-19_3943.txt,2022-09-29_3928.txt,0.3867171473444095
2023-06-24_3482.txt,2023-06-25_3481.txt,0.4103663760795162
2023-12-29_1561.txt,2024-01-02_1526.txt,0.4124379344625616
2023-12-13_1783.txt,2023-12-18_1697.txt,0.3996130093134163
2023-12-16_1727.txt,2023-12-18_1697.txt,0.3863261321836472
2023-12-16_1717.txt,2023-12-19_1686.txt,0.4023785479406546
2023-12-25_1617.txt,2023-12-26_1599.txt,0.4050415690340043
2024-01-15_1386.txt,2024-01-16_1376.txt,0.4021025628308618
2021-06-29_4473.txt,2022-12-06_3856.txt,0.4081520645468488
2023-10-29_2753.txt,2023-11-10_2423.txt,0.4054518944935874
2021-05-21_4623.txt,2021-05-26_4573.txt,0.3934656307735841
2021-05-24_4596.txt,2023-09-27_3321.txt,0.4187851531395126
2021-05-24_4596.txt,2023-08-28_3359.txt,0.3855485325912035
2021-05-24_4596.txt,2021-05-28_4565.txt,0.400644361411102
2023-12-15_1744.txt,2023-12-16_1717.txt,0.4158391683043382
2023-11-23_2146.txt,2023-12-16_1717.txt,0.3940471228175742
2023-11-07_2506.txt,2024-01-27_1249.txt,0.3846733626171187
2024-01-13_1416.txt,2024-04-09_92.txt,0.4040382200086458
2021-10-22_4341.txt,2021-11-14_4323.txt,0.4051547917493348
2021-10-28_4334.txt,2022-01-10_4292.txt,0.4067633527904483
2021-10-28_4334.txt,2022-08-18_3994.txt,0.4046283904017123
2022-06-30_4071.txt,2022-08-18_3994.txt,0.4083686908549229
2021-10-28_4334.txt,2022-08-19_3989.txt,0.388299239802433
2021-10-28_4334.txt,2022-06-30_4071.txt,0.380873084934006
2021-11-14_4323.txt,2022-06-30_4071.txt,0.4130931959898143
2021-07-12_4451.txt,2022-06-30_4071.txt,0.4044216170514871
2023-03-21_3680.txt,2023-05-22_3548.txt,0.419235150491754
2022-04-19_4234.txt,2023-06-01_3530.txt,0.3824769944257046
2024-02-20_1009.txt,2024-03-22_283.txt,0.4017281569003691
2023-12-18_1697.txt,2024-01-15_1386.txt,0.4030656463334303
2023-12-06_1894.txt,2023-12-07_1877.txt,0.4118451422737856
2023-09-20_3330.txt,2023-12-06_1894.txt,0.4054281637408164
2023-10-12_3203.txt,2023-12-06_1894.txt,0.4070871205058705
2023-09-20_3330.txt,2023-10-12_3203.txt,0.3893158435056396
2022-09-05_3967.txt,2022-09-07_3953.txt,0.3915038357676361
2021-09-07_4392.txt,2021-09-09_4388.txt,0.400732690266168
2023-11-19_2235.txt,2024-01-10_1452.txt,0.3991405457926648
2023-11-19_2235.txt,2023-12-12_1800.txt,0.391704336216138
2023-11-11_2409.txt,2023-12-30_1557.txt,0.3839941246169176
2021-05-15_9007.txt,2021-05-15_9012.txt,0.410538702804222
2021-05-15_9013.txt,2021-05-15_9016.txt,0.4081755655861963
2024-02-15_1071.txt,2024-02-16_1059.txt,0.4154097924822353
2023-10-31_2688.txt,2023-11-07_2506.txt,0.3900726251565798
2023-10-31_2688.txt,2024-02-02_1199.txt,0.3844107248773927
2024-01-27_1249.txt,2024-02-28_910.txt,0.4010821200582595
2023-10-29_2746.txt,2023-11-08_2482.txt,0.3804383270834272
2023-10-29_2753.txt,2023-11-08_2482.txt,0.4007931409696599
2023-12-12_1794.txt,2024-03-12_377.txt,0.39076843166265
2023-11-06_2533.txt,2023-11-06_2537.txt,0.3893280010639343
2023-11-03_2605.txt,2023-11-05_2564.txt,0.3834271530084044
2023-11-05_2556.txt,2023-11-06_2533.txt,0.39375242402025
2023-11-05_2564.txt,2023-11-06_2533.txt,0.3952202894587637
2022-05-25_4121.txt,2022-09-05_3967.txt,0.3823263002802439
2022-08-19_3988.txt,2022-09-08_3951.txt,0.4017107615946977
2022-05-25_4121.txt,2022-09-15_3946.txt,0.3865698362018743
2023-10-30_2728.txt,2024-03-21_296.txt,0.3988553403666648
2023-10-30_2728.txt,2024-01-29_1236.txt,0.3884573502318425
2023-01-11_3798.txt,2023-02-14_3733.txt,0.3806068222186805
2023-01-28_3768.txt,2023-01-29_3766.txt,0.4093685397610623
2023-01-02_3818.txt,2023-01-25_3780.txt,0.3811467098469294
2023-01-03_3815.txt,2023-01-16_3793.txt,0.3821064447189895
2024-02-13_1096.txt,2024-02-14_1088.txt,0.387176741534004
2023-05-29_3534.txt,2023-06-20_3500.txt,0.3970448387079002
2023-06-20_3500.txt,2023-06-20_3501.txt,0.3945493528732707
2021-10-25_4339.txt,2023-02-14_3732.txt,0.3884762737903146
2023-11-12_2386.txt,2023-11-13_2374.txt,0.4153958800207668
2023-01-16_3793.txt,2023-01-19_3788.txt,0.3981050973895138
2022-08-02_4036.txt,2023-01-19_3788.txt,0.4069967482239696
2022-11-21_3873.txt,2023-01-19_3788.txt,0.3885126549574157
2022-01-19_4289.txt,2022-01-29_4283.txt,0.417150842665385
2023-01-16_3793.txt,2023-02-21_3724.txt,0.3964071674583793
2022-06-23_4076.txt,2022-07-15_4049.txt,0.4166845035871084
2024-02-28_916.txt,2024-03-06_836.txt,0.4193940122330364
2023-12-16_1719.txt,2023-12-17_1710.txt,0.4188329655599288
2024-01-03_1517.txt,2024-01-06_1488.txt,0.3893530884215075
2023-01-19_3788.txt,2023-01-21_3785.txt,0.4142689144687452
2023-06-23_3487.txt,2023-06-29_3474.txt,0.4135188798177951
2021-06-28_4474.txt,2022-06-15_4084.txt,0.4126555990759882
2023-11-07_2506.txt,2024-04-02_166.txt,0.4126079353713886
2023-10-30_2709.txt,2024-01-13_1416.txt,0.3899428713020678
2023-02-03_3749.txt,2023-07-24_3404.txt,0.4112503677293402
2021-07-22_4442.txt,2023-03-24_3674.txt,0.4107348248117768
2022-10-20_3905.txt,2022-10-21_3903.txt,0.410338544616058
2024-01-16_1373.txt,2024-01-17_1368.txt,0.4097467693442327
2023-12-27_1586.txt,2024-03-01_890.txt,0.4097169324570939
2022-12-02_3863.txt,2022-12-18_3846.txt,0.409499856038235
2024-03-18_323.txt,2024-04-03_159.txt,0.4091577551629207
2023-11-27_2063.txt,2023-11-28_2044.txt,0.4082603823224706
2023-12-07_1882.txt,2023-12-08_1861.txt,0.4075664300140535
2021-09-26_4364.txt,2021-09-30_4362.txt,0.4057742427500395
2024-03-21_290.txt,2024-03-22_281.txt,0.4056251896444614
2023-10-23_2903.txt,2024-02-03_1188.txt,0.4054501160439679
2023-02-21_3724.txt,2023-02-22_3721.txt,0.4015975895294954
2024-02-29_905.txt,2024-03-01_896.txt,0.4051246691605542
2021-05-11_9032.txt,2024-04-11_69.txt,0.4042909846793583
2023-10-13_3148.txt,2024-03-01_891.txt,0.4040741924955788
2023-10-09_3262.txt,2023-10-22_2917.txt,0.4039014688128959
2023-10-18_3026.txt,2024-03-27_238.txt,0.4023223618396103
2024-04-02_175.txt,2024-04-02_177.txt,0.4019504553119314
2024-04-02_175.txt,2024-04-02_180.txt,0.4019351287123465
2023-01-30_3758.txt,2023-01-31_3755.txt,0.4019285561258631
2023-10-17_3052.txt,2023-10-18_3026.txt,0.4010249637723175
2021-05-18_4658.txt,2022-05-15_4160.txt,0.4003841631012749
2024-02-04_1177.txt,2024-02-04_1181.txt,0.3999782772540519
2021-11-23_4315.txt,2024-01-12_1424.txt,0.3996006049302006
2024-03-26_253.txt,2024-03-27_239.txt,0.3988299051150314
2021-06-17_4492.txt,2021-09-25_4365.txt,0.3977758277809603
2023-02-17_3729.txt,2023-02-20_3725.txt,0.3975498703290538
2021-06-01_4549.txt,2023-10-31_2696.txt,0.3973989337590595
2024-03-27_238.txt,2024-04-01_186.txt,0.3964375840139674
2024-01-28_1243.txt,2024-01-29_1233.txt,0.3963684475684287
2021-08-06_4426.txt,2021-09-24_4367.txt,0.3959019002071296
2022-06-21_4078.txt,2022-08-26_3980.txt,0.3955822468086649
2023-12-06_1893.txt,2023-12-11_1808.txt,0.3946098202938595
2022-09-13_3950.txt,2023-01-10_3799.txt,0.3942211384044358
2022-08-18_3992.txt,2023-10-19_3006.txt,0.3917137598323545
2023-07-06_3448.txt,2023-07-06_3450.txt,0.3913620814813744
2023-07-17_3418.txt,2023-07-18_3415.txt,0.3910290392445036
2023-12-02_1958.txt,2023-12-02_1964.txt,0.3908971121052088
2022-10-21_3903.txt,2022-10-25_3901.txt,0.3907916902824193
2024-04-10_79.txt,2024-04-12_57.txt,0.3907179648835289
2023-12-01_1991.txt,2023-12-01_1995.txt,0.3906022907298224
2022-05-06_4202.txt,2022-05-12_4180.txt,0.3905226235778539
2023-05-04_3600.txt,2023-07-11_3432.txt,0.3897126903875781
2023-10-13_3164.txt,2023-10-13_3169.txt,0.389555268923193
2023-11-24_2110.txt,2024-01-03_1518.txt,0.3892537144500485
2023-11-10_2419.txt,2023-11-18_2243.txt,0.3885814791868631
2023-12-17_1705.txt,2023-12-18_1702.txt,0.3870609482999848
2023-10-24_2885.txt,2023-10-24_2888.txt,0.3861845189474919
2023-10-09_3280.txt,2023-10-11_3225.txt,0.384994266914083
2021-05-14_9018.txt,2021-05-15_9010.txt,0.3846509588906135
2023-11-25_2089.txt,2023-12-09_1836.txt,0.3842353704288669
2024-01-24_1289.txt,2024-02-01_1203.txt,0.3840257099770082
2021-05-17_4673.txt,2021-05-20_4635.txt,0.3820571630512653
2024-03-25_261.txt,2024-03-26_252.txt,0.3816626020363445
2022-11-09_3884.txt,2023-05-22_3547.txt,0.381569889524779
2024-01-29_1229.txt,2024-04-17_12.txt,0.3807712409431347
